2017-10-01,2018-01-15,2018-08-15,2018-12-31,2019-03-29,2019-07-15,2019-11-29,2020-02-01,2020-06-12,2020-10-30,2021-02-15,2021-06-22,2021-10-19,2022-02-18
,,,,,,,,,,,,2681.48,2025.17
,,,,,,,,,,,,,
,,,,,,,,,,,,,
,3195.22,3988.46,,,,,,,,,,,
,2326.89,,,,,,,,,,,,
950.4,1501.95,1011,1932.21,2605.24,,1466.22,1224.55,725,1670.42,2061.94,1741.51,615.61,
,,441.51,,,,,,,,,,,
2320.61,,2523.2,2581.2,2525.1,,2399.34,2347,,,,,,
,,,,,,,,,,,,,
,,,,,,,,758,,1112.32,,,
,,,,,,,,,,,,,
,2957.55,,2320.07,1553.35,1129.84,1150.59,,,,,,1338.3,744.19
1787.9,1832.85,1372.88,1488.06,1771.32,,2083.67,1443.73,454,2146.34,1273.38,,,
3504.15,4076,,,,,,3429,,,,,,
2193.87,2152,627,1742,,1591.26,,,,,,,,
2970.24,3011,,,,,,,,,,,,
942.12,1594.7,,1034,1236,,1305.46,1614,453,,,,,
,,,,3274.74,3662.75,2885.25,3664.49,,,,,,
1918.11,,,,,,,,,,,,,
,,,,,,,,,,,,,
1957.72,2047.4,1720.16,1614.91,441.16,1258.91,,,,,,,,
2062,1572,1850,1033,,,,,,,,,,
1548.6,,,,,,,,,,2009.93,,,
,,,,,,,,,,,,,
1398.72,573.56,,,549.62,0,1902.17,1701.32,1133.47,2924.79,1778.76,1023.08,1971.58,1770.73
,,,,,,,,,,,,,
,,,,,,,,,,2204,1878,,
,,1171.55,2366.58,2165.73,987,1902,713.3,,,,,,
,2098.89,1754.32,1105,-61,,,,,,,,,
572.52,,,,,,,,,1571.51,1593.81,1062.06,1538.63,1386.03
,,,1366.67,,,,,,,,,,
2245.37,2049.87,908.34,2367,,,,,,,,,,
1706.72,,1093,175,,,,,,,715.56,471.48,1610.03,607.53
1766.93,,,,,,,,,,,,,
1744.4,1917.3,1341.87,1845.12,1391.89,1637.82,,,,,,,,
,,,,,,,,,,,,,
,,,,,,,,,,,,,
,,,,,,1990.22,1581.67,,,1574.14,434.07,2021.32,1431.41
1954.45,1857.85,,1038.31,457.83,116.38,,,,,,,,
1368.75,1172.85,,,,,,,,,,,,
1529.61,,2127.4,2850.12,3005.39,1679,3711,2063.99,1991.33,-51,,,,
1357.15,1151,1147.71,851.06,728.06,309.43,,268.43,,,,,,
15442.74,,,,,,,,,,,,,
,3820.64,1137.52,,,,,,,,,,,
,505.28,1650.22,2366.58,2327.96,2648.28,2421.18,2195.33,1991.33,-51,,,,
1825.46,1588.54,,1832.75,1696.93,,2053.32,1813,,1978.56,1638.96,,,
1595.6,1320.6,,2194.85,1919.85,1061.1,1618.4,2007.64,,-68,,,,
,,,,,,,,,,,,,
1272.45,,,,,,,,,,,,,
,,,2895.78,2476.29,,2885.25,2525.25,,2760.89,2400.89,,,
1475.32,1390,,,,,,,,,,,,
,,,,,,,,,,,,,
1895.39,,2127.4,1879.89,2165.73,0,3746,1701.32,1991.33,1676.69,2030.6,2030.6,2272.02,
1232.48,1232.48,898.36,1252.64,1711.88,865.94,,,,,,,,
1292.52,,,,,,,,,,,,,
7533.73,,,,,,,,,,,,,
1804.13,1270.02,,1995.19,1335.79,1129.84,1843.25,1813,1085,1809.55,1300.94,,,
3058.85,2801.1,818.25,2917.72,3049.88,3724.16,2975.43,2731,,,2300.19,,,
2623.61,2830.17,,,,,,,,,,,,
490.37,,1650.22,1929.89,,,,1902.17,1497.32,-51,,,,
3652.53,1786.02,915.67,3710.76,2626.3,2485.1,2631.37,,952.36,1983.21,2130.61,,,
,,,,,,,,,,,,,
2326.89,,1581.31,903.47,1849.18,1926.34,0,,,,,,,
1804.13,,,,,,,,,,,,,
1932.82,,,,,,,,,,,,,
,845,,,,,,,,,,,,
,,,,,,,,,1718,,,,
,390.15,1693.74,,,,,,,,,,,
778.77,779,720.28,799,799,742.61,935.74,759.84,759.84,,,,,
1232.48,,,,,,1273.16,1070.87,739.08,991.62,,,,
,3494,60,,825,367.5,,,,,,,,
2438.12,630.12,422.46,1747,1477.15,859.45,920.51,1478,,1155.06,-644.7,,,
2782.15,2667.55,597.09,,,,1976.51,,,,,,,
349.63,,,,,,,,,,,,,
,,,,,,,,,,,,,
3084.48,1720,,,,,,,,,,,,
,,,,,,,,,,,,1682,1747
,,,,,,,,,,,,,
,,,,,,,,,,,,,
1849.71,3540.95,,1841.27,,,,,,3863.02,2527.9,,,
,,,,1179.99,,,,,,,,,
,2047.4,4294.68,1757.26,1299.91,,,,,,,,,
816.36,816.36,,,,,,,,,,,,
,,,1225.91,1655.03,1655,1602.77,2106.66,,3025.7,-248,,1826.78,2156.78
1787.9,1588,,1488.06,1233.49,,,1644.67,1239,1724.92,1112.32,,2021.32,1902.12
3687.21,3018.34,1191.95,3556.83,1752.05,,,,,,,,,
,,,,,,,595.93,,,,,,
4733.16,3672.54,,5026.49,3931,469.38,2190.27,2006.12,625.56,3295.84,2556.27,,,
,,,,,,,,,,,,,
1507.48,1232.48,898.36,1527.64,,,,,,,,,,
2874.29,,,,,,,,,,,,,
1255.36,1262.48,,,,,,,,,,,,
,,,,,,,,,3535.52,3208.02,,,
1588.554,1110.76,,711.05,,,,,,,,,,
1719.42,909,,4527.44,3365.95,,,,,,,,,
544.24,708.24,,1614.91,1299.91,,1515.23,,,,,,,
,,,,,,,,,,,,,
1849.71,,1650.22,2999.13,1262.03,4541,1688,1858,,-51,,,,
2339.8,1426.25,,,587.51,1112.51,,,,,,,,
,,,1865.12,,,,,,,,,,
1990.59,2197.15,,,,,,,,,,,,
653.78,,,,,,,,,,,,,
4897.32,,,1147,751,,850.06,,459,,,,,
1846.79,2087.65,,1869.01,1129.84,,,,,,,,,
,,,,,,,,,,,,,
,3810.44,,,,,,,,,1828.91,,1285.98,1434.81
,3023.75,,3832.75,3563.87,1676,3391.45,1685.93,813.07,1819.54,1853.74,1195.87,,1385.5
3012.84,2311.2,,3150.94,1878.01,,529.35,,,2161.16,1832.41,2394.1,2815,
,2936.87,,2582.31,2971.83,,,1853.8,,,,,,
1357.15,867.82,577,1153.33,1179.99,,,,,,,,,
1618.7,1350.12,908,2293,2090,926.18,2124.36,,,,,,,
,,,,,,,,,,,,,
1255.36,1010.36,,,,,,,,1307.62,,,,
,966.19,,,,,,,,,,,,
1961.13,1498.97,1499.16,52,,,,,,,,,,
2623.61,1792.23,1058.7,4364.04,2987.31,,,,,,,,,
1957.72,2186.96,1253.48,1614.91,1577.07,,,,,,,,,
3452.72,2412.87,,2944.23,2281.4,,3063.07,2323.64,550.68,2877.71,2052.86,2052.86,2075.29,
2609.77,4641.66,,,,,,,,,,,,
,,,,,583.23,2348.47,2193.74,2374.98,2751,2364.46,2409.32,2278.81,25
2552.22,1130.11,,,,,,,,,,,,
,,,,,,235.28,,,,,,,
983.24,708.24,,,,,,,,,,,,
1804.13,1588.54,,,,,,,,,,,,
,,,,,,,,,,,,,
,1521.8,,,,909.31,892.86,877.81,1070.35,,,387.84,,
,,,,,,,,,,,,,
,,,,,,,,,,,,,
2643.9,2850.46,,,,,,,,2161.16,3300.89,3300.89,3751.17,
,1380.92,,,,,,,,,,,,
,,,,,,,,,,,,,
1471.85,1042.28,,2119.56,1709.52,,1831.67,1740.22,,,,,,
1804.13,,,1832.75,,,,1800,,1809.55,1613.96,1106.93,,
,1038.15,300.83,,742.99,,,,,,,,,
1122,1662.9,1647.6,241.2,2296.84,,3207.46,2539,3104.69,3434.27,2994.13,2525.77,3731.06,3554.33
1343.47,2097.94,,,,,,,,,,,,
,,,,,,,,,,,,,
,,,,,,,,,,,,,
889.37,541.37,,,,,,,,,,,,
2483.99,1887.53,2474.58,2277.84,1638.62,1953.88,2885.25,2525.25,1530,1889.38,1819.88,,,
3765.24,2978.61,,,,,,,,,,,,
,1165.55,533.98,1729.72,1168.19,,862.76,,1039.65,711,710.7,722.88,805.64,747.88
,,,,,,,,,,,,,
1759.6,1232.48,626.24,1527.64,1252.64,913.48,,,,,,,,
,,,,,,,,,,,,,
,,,2549.5,2761.75,520.09,2227.86,2600,,1979,2242.9,5251.1,2559.66,310.76
,,,,,,,,,,,,,
,,,,,,,,,,,,,
1849.71,,234.69,,,,,,,,,,,
,,,,,,,,,,,,,
3763.95,,2912.46,793.76,2849.13,1496,0,,,,,,,
,1320.6,1320.6,1919.85,1805.04,1318.26,1460.52,1842.64,1187.67,-739,407,,1000.5,
2601.3,2367.26,,,,,,,,,,,,
632.98,,,,,,,,,,,,,
4140.52,,,,,,,,,,,,,
1343.47,2408.66,,,,,,,,,,,,
2412.78,1720.91,,1855.63,1222.7,,3167.61,,,,,,,
2674.03,2361.62,,,,,,,,,,,,
,,,,,,,,,,,,,
2272.92,,,,,,,,,,,,2029.2,2848.8
,,,,,,,,,,,,,
2483.99,2708.78,3317.73,1719.39,2476.29,3662.77,2315.61,1955.62,2982,688.94,1200.45,1730.06,1709.4,
1640.26,742.81,,,,,,,,,,,,
2623.61,2830.17,529.35,3202.84,3414.16,529.35,3213.4,2994.55,,2569.55,2240.8,2240.8,,
1453.53,2362.53,683.83,3778.19,2281.4,,3069.31,2399.09,550.68,2321.3,2052.86,,,
,245.97,,278.68,,642.52,7825.16,,,,,,,
,2109.39,1088.94,2417.71,2169.71,,2437.54,2189.93,1073.46,1956.5,1717.25,621.21,2520.1,1748.27
784.32,849.72,,1236,751,,820.81,931,,,,,,
2623.61,2311.2,,,,,,,,,,,,
2066.82,1140.7,2953.49,2810.75,1161.82,3718.5,2323.64,,275.34,234.34,,,,
,17658.87,,2144.14,3414.16,,1452.09,2863.55,0,,1143.75,,,
6255.23,6215.23,,6339.32,2482.36,,5191,,,3991.53,6618,1411.89,,55.18
1761.13,1018.81,1998.88,1038.92,1519.52,1019,200,,,1582.94,1082.94,,593.61,200
861.75,200,,,,,,,,,,,,
1357.15,0,,,,,,,,,,,,
,,,,,,,,2031,582.93,582.93,,,55.18
,,,3412,2516.63,,4116.68,-3487,,,,,,
,,,,,,,,,,,,,
,,,,,,,,,360,1628.05,,2788.2,2117.51
,4972.8,,3039.05,,,,,,,,,,
,,,,,,,,,,,,,
,,,,,,,,,,,,,
,714.92,,1571,327,,,,459,1544.21,2220.81,,1907.71,
2432.3,2432.3,1518.28,2480.73,2000.12,2200,6268,5211,2000,4500.75,3197.88,1121.76,2741.54,5420.38
9711.81,9377.27,,6647.3,6306.05,,,,,,,,,
574.8,1333.05,635.4,,,,,,,,,,,
,,,3403.06,,1041.21,1791.71,1837,454,1981,1812,-310.37,,2576.8
,,,,,,,,,,,,3146.32,
,2569.44,,1892,997,,,,,,,,,
,,,,,,,,,3082.97,3416.3,,,
,,,,,,,,,,,,,
,2692.92,900.4,,,,,,,,,,,
,,5961.78,,,,,,,,,,,
,,,,,,,,,,,,,
547.64,1018.81,,,,,,,,,,,,
,1022,,,,,,,,,,,,
3264.73,2585.86,611.35,3508.58,2810.75,,3562.01,2323.64,0,2502.59,1476.48,647.09,,
,,,,,,,,,,,,,
,,,,,,,,,8487.05,250,,200,
2360.61,2102.86,2548.19,,,,,,,,,,,
1761.13,2954.46,999.44,2480.73,2320.53,,,,,,,,,
200,,,,,,,,,41.72,,,,
1961.13,2137.93,,,,,,,,,,,,
1489.97,1961.13,1037.68,1519.52,1794.52,,,,200,3834.53,321.5,8439.95,,
2799.95,,,2162.58,,0,3046.28,2683.95,2641.43,1809.44,,,,
,,,,,,,,,,,,,
,,,,,,,,200,1123.58,1082.94,,,
,,,,,,,,,,,,,
,,,,,,,,,,,,,
,1685,,1301,,1005.37,,,,,,,,
4088.29,,1970.73,,,,,,,,,,,
1062.09,1668.67,518.84,1083.06,1679.72,1042,,,,,,,,
4987.48,3759.73,,,,,,,,,,,,
2874.29,2671.92,2118.24,1413.67,1023.11,3351.18,3177.11,2952,691.79,,,,,
,1961.13,518.84,2110.49,2755.73,,2317,2042,200,5962.45,,,,
,,,,,,,,,1582.94,1582.94,,1613.62,1613.62
,,,,,,,,,,,,,
,,,,,,,,,,,,1888.62,1581.3
2007.68,2833.32,,1820,175,,850.06,,,,1128.21,,,
1221.76,1291.2,,1693.68,,,,,,,,,,
2981.9,3728.35,895.65,3104.7,,,,,2646,1565.59,,,593.61,593.61
1259.77,1930.93,,1969.44,1815.25,1004,2049,1030,,1082.94,1550.9,,,
,,,,,,,,,,,,,
,,,,,,,,,3082.97,3470.4,,,
3181.24,2176.86,,,,,,,,,,,,
,,,,,,,,541,4398.63,,551.47,2398.62,
1155.35,896.75,,,,,,,,,,,,
,,,,,,,,,,,,,
,,,,,,,,,,,,,
1050.08,1483,,,,,,,,,,,,
1455.23,635.4,,1423.46,649.31,969.49,,,,,,,,
1514.77,1260.2,,,,,,,,,,,,
,,,,,,,,,,,,,
2001.06,1982.78,2262.68,1563.66,2371.26,,,,,,,,,
1380.92,1173.12,,1068,1097.5,736.7,765.46,1098,,,,,1044.38,1066.53
5065.13,200,,,,,,,,,,,,
7744.63,471.16,620.1,2892.25,3802.59,1117,3169,1053,,2572.04,4957.11,1612.44,,
,1498.8,1514.92,1774.12,1569.72,1215.84,2126.25,1204.39,1096.47,1316,1055,1416.01,1438.52,1602.76
,679.62,,,,,2301.36,1825,175,1503.25,,,,
1045.52,1522.92,175,865,,,,,,,,,,
,,,,1287,,3723.6,,,,,,,
,1483,,,,,,,,1509.8,,,,
,,,,,,,,,,,,,
,,,,,,,,,,,2216.11,,2234.82
,,,,,,,,541,1282.94,,,,
1961.13,1459.77,200,6139.32,3071.84,,5191,5211,,5294.4,5315.13,,,
,,,,,,,,,,,,,
,4246.88,1013.39,1942.37,1686,,,,,,,,,
2934.27,200,,,,,,,,,,,,
,,,,,,,,1282,6410.47,6618,1411.89,6728.45,5420.38
889.8,350,,,,,,,,,,,,
1787.9,,,,,,,,,,,,,
2403.35,2487.03,441.51,3016.71,2148.83,,3400.43,3196.76,,,,,,
,,,,,,,,,,,,,
2102.86,1843,650.27,,,,488.63,,,,,,,
,397.92,,,,,,,,,1753.01,,,
,,,,,,,,,,,,,
,,,,,,,,,,41.72,,,
,2524.96,708.24,,,,,,,,,,,
,889.8,,2055.81,1739.44,1069.49,2590.82,1641.37,,,,,,
,5534,,,,,,,,,,,,
,1536.87,,2381.2,2278.04,,,,,2374.97,,,,
,,,,,,,,,,,,,
,1787.52,,,,,,,,,,,,
,3174.53,3591.48,2836.29,3593.19,,,,,,,,,
,6077.97,7552.97,,,,,2140,482,,,,,
,,,,,,,,1581,54.1,,,,
,1291.32,175,1855.85,,,,,,,,,,
,,,,,,,,,,,,272.81,
2410.46,4700.59,1493.6,2997.39,2281.4,,,,,,1811.79,,1268.32,
,,,,,,,,,,,,,
632.98,85.32,,216.94,1804.4,1173.35,1843.25,1258,651,2845.26,2628.02,645.17,2127.17,2330.18
597.39,1605.5,,,,,,,,,,,,
,1527.9,1506.5,,,,,,,,,,,
3892.18,,,,,,,,,,,,,
,,,,,,,,,,,,,
,,,,,907.69,,,,,,,,
,,,1832.75,,700.54,2362.51,2993,,1877.46,1152.2,,,
,,,,,,,,,,,,,
,528.2,,,,,,,,,,,,
,1629.55,,1488.06,1233.49,1233.49,1610.43,1360.43,,,,,,
,,,,,,,,,3746.21,3607.13,4238.17,592.8,4536.07
,,,,,,,,,,,,,
825.7,1752.65,2071.17,,576.53,2104.07,1430.14,862.76,1071.75,,,,,
,,,,,,,,,3198.49,2326.49,2565.77,2106.65,2461.69
1668.67,1668.67,,,,,,,,,,,,
,,,,,,,,1041,2082.95,1582.94,,1613.62,2633.63
,839.6,,851.06,533.93,130.48,,,,,,,,
,,,,,,,,,,,,,
,,,,,,,,,,,,,
,,,,,,,,,,,,,
,1654.71,1171.55,2273.45,1434.98,,,1788.87,,1979.6,1727.69,,,1261.05
,,,,,,,,,,,,,
60,,,1088.64,1028.64,,,,,,,,,
2092.85,,,,,,,,,,,,,
,250,,,,,,,,,,,,
2485.95,,,2165.73,,,,,,,,,,
,,,,,,,,,,,,,
,,,,,,,,,,,,,
,,,2979.18,2754.24,804.96,907.97,2275,,3291.87,2410.24,,2598.16,2402.57
,,,,,,,,,,,,,
,,,1879.89,2165.73,0,2884.8,6627.83,,-2770.95,1233.08,,1971.58,2791.75
,1042.28,889.8,1488.06,1233.49,1615.84,1073.5,1254.73,,,,,,
,1010.24,,,,,,,,,,,,
,,,1832.75,1129.84,,1843.25,698,1582,2485.59,2325,,,
,,,,,,,,,,,,,
,,,,,,,,,,,,,
,1396.08,,642.52,642.52,642.52,1351.88,1383,,933.4,1292.34,,724.85,
,1320.6,,,1458.64,,,,,,,,,
,839.6,,851.06,,,,,,,,,,
,942.85,,,1233.49,,,1254.73,,1695.74,1274.02,,1616.01,1300.61
,,,350,,,,,,,,,,
,1228.07,,,,,,,,,,,,
,1668.67,,1701.79,1560.18,729,1352,2042,541,2123.59,1582.94,,1613.62,1613.62
,,,,,,,,,,,,,
,272.12,,,,,2287.46,952.01,,,,,,
,,,,,,,,200,3157.97,2582.96,,2398.62,2633.63
,,,1571.6,1620.75,1620.76,1620.75,1653.15,1322.52,,339.6,,,
,,,,,,,,,,,,,
,1589,1272.45,1238.06,1295.29,1418.89,1567.73,1254.73,780,,440.43,,,
,1937.86,,2529.12,1233.49,82,,,,,,,,
,,,,,,,,,,,,,
,1212,1272.45,,,1233.49,1567.73,1064.63,1239,837.64,901.84,823.54,1020.56,1085.96
,,,1879.89,1679.04,,,,,,,,,
,,,2836.29,2476.29,2523.51,1378.31,1303.13,3563,979.44,619.44,631.05,,
,,,,,,,,,,,,,
,1110.76,,642.52,686.03,642.52,653.52,676,,,,,,
,1011,1211.85,,1233.49,907.69,595.93,922.45,-82,,,,,
,777.4,,,,,,,,,,,,
,1967.04,41,,,,,,,,,,,
,,,2429.98,,,,,,,,,,
,6639.36,,,,,,,,,,,,
,,,,,,,,,,,,,
,1151,,,,,,,,,,,,
,1864.64,,,,,,,,,,,,
,3894.42,,,,,,,,,,,,
,,1916.13,2650.14,2848.59,2523.51,1853.87,2715.12,,3513.56,1907.79,-774.68,,
,1151,594.78,,,,,,,,,,,
,1739.35,1178.09,1670.51,1261.89,,1882.02,1308.24,,1309,,,,
,1211.85,574.8,510.08,587.51,621.19,,595.93,,,,,,
,,,,,,,,,200,,,,
,,,,,,,807.33,,,,,,
,,,,,,,,,,,,,
,1527.9,,1808.61,1709.52,,922.45,807.33,,,,,,
,,,,,,,,,,1908.43,,3904.85,3260.89
,,,,,,,,459.28,,,,,
,60,60,,,,,,,,,,,
,1211.85,,1596.66,1233.49,,1504.73,1360.43,,,,,,43.35
,,,,,,,,,,,,,
,,,,,,,,,2570.85,1738.85,,2106.65,
,,,,,,,,,,,,,
1849.71,1654.71,967.55,1961.73,1961.73,987,1992,1167.98,,,,,,
,1756.36,,892.64,892.64,892.64,,,,,1646.94,-752.19,,
,1632.83,,,,,,,,,,,,
,410.8,,,,,,,,,,,,
,1887.53,1916.13,2277.84,2476.29,,1115.51,755.51,770,2179.88,1931.87,,,
,1151,,,,,,,,,,,,
,,,,,,,,,,,1234,,
,,,,,,,,,,,,,
,4592.81,,2644.95,,1942.04,,1979,2079,3643.5,4019.97,,,
,,,2525.92,2335.92,,2969,2067,,2056.86,1140.24,,,
,1312,,,,,,,,,,,,
,1022.41,,1579.33,1174.57,,1320.65,870,,1751,,,,
,,944.76,944.76,942.96,457.78,730.26,721.41,,,,,,
,1887.53,2474.58,1279.51,2476.29,,2600.43,,2401,1660.76,,,,
,1114.24,,,,,,,,,,,,
,3226.94,1403.52,1342.7,1257,375.5,1371.86,,1495,2034.71,2187.06,415.38,118.35,1773.91
,5416.01,,,,,,,,,,,,
,1151,815.78,,,,,,,,1222.19,1057.92,,2423.3
,,,,,,,,,,,,,
,,,,,,,,,,,,,
,5982,650,3047,3088,1243.67,3904,,3781,1509.8,,,,
,1511.42,,1717,175,,,,,,,,1671.28,1608.14
,1833.24,,,,,,,,,,,,
,,1598.22,2366.58,1679.04,0,2396,1831.48,,2677.75,1465.58,,730.5,743.05
,,1004.44,,,,,,,,,,,
,2036.36,999.44,,,,,,,,,,,
,,,,,,,,,,,,,
,,,,,,,,,,,,,
,828,,,,,1887.93,732,,,,,,
,1601,109.36,403.49,,,,,,,,,,
,2660.27,,1304,4039.95,,1341.73,,,,,,,
,,436.16,3378.24,2260.96,2216.66,1745.89,1104.56,,,,,,
,1380.92,971.64,959.05,730,1176.7,876.16,1325,901,1066.56,1241.81,1050.81,1028.43,1238.48
,5593.86,,2577.77,2376.46,,2528.17,2405.38,550.68,2884,2603.54,1210.08,4121.32,2981.85
1573.5,,,,,,,,,,,,,
,,,,,,,,,,,,,
,2795.04,,2352.94,2165.1,,2457,1637,,3080.21,2835.85,1575.77,3382.87,942.49
,1641.92,,1807,2054,926.18,2070.31,2399,282,2579.64,,,,
,,,,,,,,,,3221.9,3632.57,2977.79,3803.03
2505.17,2763.9,2058.06,,,,,,,,,,,
,1609.34,,1376.77,1771.5,1129.84,1843.25,1670,588,1831.2,1340.96,599.9,1908.6,1195.84
,,,,,,,1254.73,,1426.52,,,,
,1832.85,,1964.09,1864.99,1233.49,1831.67,1254.73,,,,,,
,3475.04,,,,,,,,,,,,
,1967.04,41,2615.98,,,,,,,,,,1971.58
1810.65,,,,,,,,,,,,,
,2842.98,,,,,,,,,,,,
,,,,,,,,1239,,,,,3004.13
,3001.94,-331.58,1865.6,1107,1128.4,1308.21,1044,,3317.29,1359.81,553.08,2061.68,1475.13
,1306.05,,,,,,,,,,,,
,,441.51,,,,450.3,,918.56,,468.41,,,
,2878.3,1845.03,1837.15,1691.63,,,,,,,,,
,,,,,,,,,,,,,
,70.49,,,,,,,,,,941.54,1298.04,1210.32
,1528,1527.9,,1233.49,1554.04,1081,1088.59,391,161.7,,,,
,2558..83,,,,,,,,,,,,
,,,,,,,,,,,,,
,,,,,,,,,,,,,
,1843.44,,1355,1261,,1418.14,1693,282.34,2795.64,2223.06,987.96,1981.08,3450.41
,,,,,,,,,,,,,
,2182,,,,,,,,,,,,
,,277.2,1358.52,1148,730.4,579.66,1464,,1267.01,891.51,824.28,666.03,
,8192.88,,,,,,,,,,,,
,738.12,,,1519,375.5,1203.52,2239,,634.56,1595.51,,2007.79,2352.08
,,4421.56,,,,,,,,,,,
,3987.48,,,,,,,,,,,,
,,429.69,,,,,,,,,,,
,1843.54,,,,,,720,1085,1106.93,,1129.57,1195.84,1195.84
,2801.3,704.21,1748.98,1112,,,534,,,,,,
,,,,,,,,,5209.16,4849.16,411.46,1577.79,
,3080,,4950,,,1686.8,,,,,,,
,2929.95,1269.55,2748.28,2416.58,4540.84,,965.15,803.5,972.08,,,,
,,,,,,1471,1532,541,2336.19,2462.22,,1150.45,2193.89
,,,,,,,,,,605,,347,347
,,3151.4,,,,,,,,,,,
,,4545.66,,,,,,,,,,,
,,,1617.16,,,,,,,,,,
,,,3148.92,,,,,,,,,,
,,891,,,,,,1130,,,,,
,,,,,,,,200,1700.94,1582.94,,2398.62,1613.62
,,1117,652,662,2411.15,2628,2718,,2683.46,,5326.97,2695.69,2695.69
,335.16,,,,,,,,,,,,
,,,1434.57,1452.69,,1320.65,483,,,1472,,2571,2533
,,1195.85,,,,,,,,1760.35,1073.57,,
,1588.54,,,,,,,,,,,,
,,1211.85,1488.06,1233.49,1233.49,1610.43,1471.19,,,,,,
,,,,,,,,,,,,,
1471.85,574.8,,,,,,,,,,,,
,,1366.55,1679.04,1679.04,1392,1219,1237.67,,-51,,,,
,,2161.28,720.2,2360.73,,2724.16,2364.16,,5209.16,4849.16,1219.39,2273.17,4336.96
,,,1832.75,1660.67,1158.85,1194.97,1217,610,1978.56,1275.94,1141.93,,
,,1168.19,851.06,,,,,,,,815.98,,387.84
2089.91,,,2635.33,2438.04,1732.06,3551.52,2443,,1983.21,146.91,,,
,,1211.85,,,,,,,1695.74,,,,
,,2941.99,2046.85,1507.57,,,,,,,,1475.72,1901.4
3467.97,2385.84,2331.86,3724.98,2000.23,1837.22,1124.16,1609,,,,,,
,,,,,,200,,2080,149.48,,,,
,,,,,,,,,,,,,
,,,,2017.76,,2187,2140,,,,,,
,,1294.89,2565.2,-504.71,,,,,,,,,
,,,,2355.46,,,2941.58,,3262.52,2933.77,2933.77,2815,
,,,151.94,,,,,,,,,,3332
,,,,,,,,,,,,13372,
,,,,,,,,,,,,,
,,,,,,,,,,,,,
,,,,,,,,,,,,,
,,,,,,,,,582.93,582.93,,2442.47,-275
1319.32,1381.36,,,,,,,,,,,,
,,,2541.15,1826.11,,,2027.38,0,2711.84,1832.41,1832.41,2253.31,
,,,964.8,,,,,,,,,,
,,493.81,1876.26,2147.99,,2572.58,2211,,2316.58,2310,,2518.12,1713.01
,,,2280.73,2022.19,,1062,1552,541,3623.62,3082.97,1061.47,2633.63,3143.64
,,,1160.72,,,,,,,,,,
,,,,,,,,,,2607.5,,,
,,2062.86,2352.94,2108.58,2376.84,2439.34,895,684.69,867.49,,,,
,,,,,,,,53,2082.95,2582.96,1612.94,1613.62,2123.62
,,,2024.2,2384.45,,2144.73,1648,2245,2979.34,2120.99,,,
,,,,,,,,,,,,,
,,,1129.84,1129.84,,,,,,,,,
,,,387,791,162.2,1248.69,1222,632,2264.21,1250.16,,,
,,,1532,,,1532,,,,,,,
,,,3047,,,,,,,,,,
,,,1129.84,1173.35,,,,,,,,,
,,,1252.64,1252.64,359.16,1894.61,1595.45,1001.37,-41,,,,
,,,,,,,,,1711.34,200,,,
,,,,5849.36,,3100.76,2825.58,1101.36,3698,3062.44,,2561.24,1540.84
,,,2729.46,2861.62,,2399.34,2347,,2374.97,2326.49,,,
,,,,,,,,,,,,2627.39,1858.47
,,,2873.25,2895,,831.55,,,,,,,
,,,,,,,,,,,,,
,,,175,,,,,,,,,,
,,880.66,885.51,1197.79,877.81,,,,1043,1039.65,738.53,1164.23,1270.52
,,,769.05,,,,,,,,,,
,,,1826.01,487.26,955.05,1049,887,250,3927,,,640.52,640.52
,,,2890.63,2663.61,,1877.18,1629.18,-1629.18,,,,,
,,,,,,3611.73,1243.82,0,2207.32,,,,
,,,3752.42,3075.43,898.07,,1783.7,0,,,,,
,,,,2476.29,,3177.56,2532.75,-360,2768.39,2048.39,1223.67,3577.91,2625.29
,,,2994.23,2281.4,938.75,3063.07,1478.66,1340.68,2877.71,2603.54,648.39,3233.83,1858.47
,,,,3083.7,,3371.12,2952,10597,,,,,
,,,,,,16787.51,1648,1913,2316.58,,,,
,,,592.08,969.49,,922.45,,,,,548.23,,
,,,,,,,,,,,,5923.58,4343.2
,,,,,,,,,2082.95,2082.95,551.47,2633.63,2123.62
,,,,831.48,1088.64,1414.16,1109.16,,,386,60,878.64,292.88
,,,1865.99,441.54,,,,,,,,,
,,,,,,,,,,,,,
,,,,,,,,,,,,,
,,,1038.92,1038.92,768,1827,2042,1041,2357.95,2137.05,1061.47,593.61,593.61
,,,2092.24,,,,,,,,,,
,,,1468.98,1140.45,,,,,,,,,
,,,2380.62,2000.47,,2323.01,1653.81,152.01,2347.83,2341.32,,,
,,,,1995.71,,,,,,,,,
,,,3047,,7149.31,3120,3163,,,,,,
,,,3041.25,3802.59,1117,3169,4160,,1611.62,,,,
,,,,2355.46,529.35,,,1046.85,2161.16,2383.09,2383.09,3189.08,
,,,2694.12,2549.5,1393,3233.8,4376,,3340,3322.22,75,2212.31,-2212.31
,,,3384,,3424.53,3038,751,1975,2691,3578.87,1202.88,3609.94,3654.14
,,,3048,,,3264,3706,,3535.52,3578.87,,,
,,,,,,,,,,,,,
,,,4101,,,,4423.6,-2845.99,-106.5,,,,
,,,,,4595,2297,1099,2347,,,,,
,,,3700.29,,,,2396,,,,,,2552
,,,2144.24,1826.11,,2591.48,2401.67,1101.36,3262.52,2933.77,4057.15,2711.68,
,,,1651.15,,,717.39,1682,,,,,,
,,,,,,,,,,,,,
,,,2083.9,2124.46,1831.7,1719.6,1517.02,1844.71,1299,1811.47,,1499.27,25
,,,7323,,,,,,,,,,
,,,2123.58,2108.58,,1350.44,,,,,,,
,,,1606.39,1518.47,,,,,,,,,
2340.24,1966.44,611.35,,,,,3737.99,0,1741.64,,,,
,,,,1025.48,1025.48,84.29,,,775.08,,,,
,,,480.6,,,,,,,,,,
,,,,,,,,,,,,,
,,,1524.44,851.06,77.52,1430.14,1230.89,,2046,1754,,1608.02,1519.4
,,,,1619.32,,,,,,,,,
,,,4002.29,,,,,,,,,,
,,,,,752.91,,,,,,,,
,,,,,,,,,,,,,
,,,,,,,,,,,,320.64,
,,1650.11,2648.28,1879.89,1679.04,2195.33,,,,,1895.61,1557.33,1557.33
,,,,,,,,,,,,,
,,,694.72,1129.84,,1172.35,2629,,1106.93,599.9,,2425.77,1885.4
,,,,,,,,,,,,,
,,,1345.8,1345.8,,876.87,993.01,,862.62,595.08,,,1446.23
,,,,,,,,,,,,,
,,,2836.29,2197.07,1785.73,2885.25,1785.74,1820,,,,3000.98,785.74
,,,2025.39,2071.17,2104.07,,312.42,,,1845.45,2141.19,2429.04,1983.84
,,,,4280.85,,2532,3263,541,2049.62,2582.96,,,477.76
,,,,,,,,,,,,,
,,,,,,,,,,,,,
,,,,,,,,,,,,,
,,,,,,,,,,,,,
,,,,,,,,,,,,,
,,,,,,,,,,,,,
,,,,,,,,,,,,,1386.64
,,,,,,,750,997,1015,445,1974.38,1890.52,
,,,1679.04,1879.89,0,1207.31,,,,,,,
,,,,,,,,,,,,3999.43,3543.62
,,,211.76,130.54,,,,,,,,,
,,,2488,856,637.95,,,,2325,-538.65,,,
,,,7982.94,1775,3046,,,,,,,,
,,,7323,,,,500,,,,,,
3982.18,,,,,,,,,,,,,
,,,,,,,,,,,,,
,,,2140.6,,,190.96,976,,1101,1100.52,,845.18,422.59
,,,1903.03,1655.03,,1933.93,1130.21,,,,,,
,,,,,,,1111.22,,1284,,,1302.32,
,,,1296,1034,,,,,,,,,
,,,,,,,,,,,,,
,,,,,,,,,,,,,
,,,,,,,,,,,,,
,,,,,,,,,,,,,
,,,851.06,533.93,375.78,375.78,,726.05,382,182.54,,,
,,,,2480.73,,,,,,,,,
,,,2023.37,1588.62,,1241.22,,,4322.44,,,,
,2229.51,,4326.67,,,569.07,,,,,,,
,,,2517.9,1824.31,,,,,,,,,
,,,,,,,,,,,,,
,,,,,,,,,,,,1327.04,615.76
,,,811.48,-413.76,,,,,,,,,
,,,11000,,,,,,,,,,
,,,1035.28,,,,,,,,,1500.81,1793.42
,,,510,,,,,,,,,,
,,,,468,,,1166,,,,,,
,,,530.94,,,,,,,,,,
,,,,1152.5,,,,,,,,,
,,,,587.51,,595.93,,,,,,,
,,,7323,,,,,,,,,,
,,,41,5614,,,,,,,,,
,,,1488.06,,,,,,,,,,
,,,,,,,,200,1857.94,1082.94,1061.47,2440.09,1613.62
,,,1252.64,578.74,,1273.16,,,,,,,
,,,,,,,,,,,,,
,,,2041.36,1959.63,,965.53,1619.95,,,,,,
,,,2270.31,1807.39,,,-417.63,,,,,,
,,,510,,,,,,,,,,
,,,2285.19,2660.16,545.25,,,,50,,,,
,1849.71,,,,,,,,2728.75,2030.6,1526.84,2272.02,2791.75
,,,1828.5,2104.48,1617.16,1238.48,2320,1582,,2251.38,1613.96,3460.11,1713.01
,,,,1052.16,1052.16,,,,,,,,
,,,1214.12,,,,,,,1264.46,1264.46,,
,,,992.9,688.84,688.84,688.84,,,,,,,
,,,1130.08,1655.03,1895,2447.35,1685.93,,1145.62,1820.57,-8.75,,
,,,,,,,,,,,,,
,,,522.02,399.02,921.04,,,145.96,1011.18,3387.86,,,
,,,1643.54,1233.49,,,,,,,,,
,,,,,,,,,4629.92,,,,
,,,,,1679,0,390.47,,,,,,1758.18
,,,,648.3,648.3,648.3,,,,,,,
1787.9,1527.9,,621.9,,,,,,,,,,
,,,2103.97,,,,,,,,,,
,,,,,,,285,,,445,535,90,
,,,1500.31,1168.19,,,,,,,,,
,,,,,,,626,,,,,,
,,,4474.2,2810.75,,5168.44,5379.06,0,3053.33,,,,
,,,2959.06,,,,,,,,,,
,,,,,,,,,,,,,
,,,2959.06,,,,,,,,,,
,,,2403.78,-1127,1126.62,,,,,,,,
,,,,,,,696.05,,,,,,
,,,,,,2425.01,2182.64,,2200,1495.89,,2195.1,1175.49
,,,1833,1458,1014.5,1245.34,1381,-470,,1544.21,,1513.38,1423.73
,,,1488.06,1342.09,1233.49,1504.73,,1091,,1112.32,,,
,,,669,833,,,,,,,,,
,,,1488.06,1396.4,907.69,922.45,,,,,,,
,,,1832.75,686.03,642.52,1442.03,1172,798,2823.61,2120.99,1613.96,1908.6,
,,,913.91,479.75,,,,,,,,,
,,,6573,,,6573,,,,,,,
,,,,,,,,,,,,,
,,,2120.07,,,,,,,,,,
,,,1206.86,2147.69,330.21,2343.96,1905,,,,,,
,,,4799.73,2761.74,,3205.92,4592.28,-2811.9,,,,,
,,,,,,,,,,,,,
,,,,,,,,,,,,,
,,,813.95,,,,,,927.69,1198.78,755.37,1485.74,
,,,,972.45,,,,,,,,,
,,,,,,,,,,,,,
,,,2541.15,,,,,,,,,,
,,,,,,,,,,,,,
,,,,,,,,,,,,,
,,,,,,,,,,,,,
,,,1038.92,1800.12,,200,200,,,,42.55,593.61,593.61
,,,1442.19,1212.59,,1461.64,,,,1442.19,831.63,1685.71,
,,,,,,,,,,,,,
,,,,,,,,,,,,,
,,,6573,,5566.16,,,,,,,,
,,,3105.98,2673.36,,2975.43,2923,,2714.2,2331.9,324.19,3405.35,2575.59
,,,,,,,,,,,,,
,,,200,275,,,,,,,,318.85,
,,,,,,,,,,,,,
,,,,,,,,,,,,,
,,,5973,,,,,,,,,,
,,,1832.75,1249.6,,2340.32,2310,1085,2383.5,2628.02,1613.96,4149.67,3806.69
,,,2476,2376,2376,,,,,,,,
,,,5294,,,,,,,,,,
,,,,1454.72,,1843.25,,,,1663.65,,2425.77,
,,,1091,1110,,1308.66,1119,,1385.81,912.66,,,
,1651.15,1684.16,,,,,,,,,,,
,,,2359.1,1585.53,,1492.14,1746.27,,,,,,
,,,,,,,,,,,,,
,,,746,1172,,,,,,,1523.3,925.58,1023.93
,,,,,,,,,,,432.5,,
,,,718.32,,,1371.45,1182.23,,,,,,
,,,,,,,,,,,350,,
,,,,,,,,,,,,,
,,,,,,,,,,,,,
,,,2352.94,3079.59,832.38,3359.49,3155,876.72,3354.37,2718.25,1699.41,3145.65,3061.09
,,,3105.98,3238.14,,2967.61,1955,,,,1938.13,3145.65,3260.89
,,,,6266.6,6067,,6400,-6400,,,,,
,,,,,,649,1298,1298,649,,,,
,,,,,5228,45.51,5329,,,,,,
,,,8831.35,,,,,,,,,6448.27,
,,,,,,,,,2047.58,2772.59,,2592.05,1297.03
,,,,,,,,,,,,,
,,,1724,380.32,380.32,,,,,,,,
,,,,,,,1150,,,1209.12,,,1231.46
,,,,,,,,4202,3131.18,,-1565.59,,
,,,,,,3994.77,1617.16,1817,1781,2151.17,3304.06,2564.3,3695.87
,,,3352,,,,,,,,,,
,,,,,,,,,,,,,
,,,1168.19,1168.19,1577.92,1344.72,1344.72,,,,,,
,,,900.93,,,,,919,,,,,955.75
,,,200,6118.6,275,-6067,-52,,,,,,
,,,,,,1504.73,1254.73,,,,,,1300.61
,,,,,,,,,,,,,
,,,,4869,,,,,,,,,
,,,,1271,3502.83,,,2810,3621.47,3258.35,3517.16,185.05,
,,,,1840.51,,2605.79,,,,,,,
,,,,,,,,,,,,,
,,,,851.06,,,,,,,,,
,,,,,,,,,,,,,
,,,,,,,,,,,,,
,,,,,,,,,,,,,
1864.55,,,,,,,,,,,,,
,,,2277.84,1917.84,,1676.43,1177.69,,2760.89,2981.9,631.05,2211.71,1349.4
,,,,2308,,,,,,,,,
,,,1683.6,1916.82,,2201.62,1581.67,,942.88,,,,
,,,,,,528.48,,,,,,,
,,,,5951.27,,2567.28,2102,1390,666.86,1115.24,,2987.1,1228.88
,,,,,,,,,,,,,
,,,1650.97,1554.04,1053.94,1831.67,2215.87,,,,,,
,,,,1342.73,,1366.92,1746.51,,1844.58,1778.76,,454.28,939.44
,,,,,,,,,,,,,
,,,,,,,,,,,,,
,,,,,,,,,,,,,
,,,,2448.21,2104.48,2340.32,2145,22,,2120.99,1106.93,2425.77,1759.49
,,,,,,,,,,,,,
,,,,,,,,,,,,,
,,,,,,,,2149.46,1657.56,2290.56,2189.54,2264.7,2078.09
,,,,,,,,,,,,,
,,,,,,,,,,,,,
,,,,3928.79,1302.26,2315.62,1955.62,,2242,1819.88,,2977.79,2617.79
,,,,,,,,,,,,,
,,,,641,,,,,,592.56,,,
,,,,,,,,,,,,,
,,,,,,,,,,,,,
,,,,,,1140.46,2275,,1809.55,1613.96,,1269.91,678.67
,,,,,0,2396.18,1371.98,458.3,1904.69,1827.51,519.32,1660.61,1392.3
,,,,,1539.5,4501.57,,,,,,,
,,,,341.82,,,,,,,,,
,,,,2717.23,2717.23,2717.23,,,,,,,
,,,,,,1504.73,817.48,1050,773.44,,,955.16,1315.61
1654.71,,,,,0,235.29,,,,,,,
,,,,1760.89,2104.48,1150.59,2275,,2384.49,,,,2598.16
,,,,,,,,,,,,,
,,,,557.73,,,1457.22,1482.22,1485.74,,,,
,,,,4742.86,,,,,,,,,
,,,,1707.27,1129.84,1669.85,1866,588,1809.55,599.9,,1242.02,
,,,,1711.23,,,,,,,,,
,,,,,,,,,,,,,
,,,3019.8,2901.62,2336.84,3313.31,3155,1684.84,3575.75,3397.69,3309.29,3557.66,
,,,,3164.37,,,,,,,,,
,,,,,,,,,,,,,
,,,,,,,,,,,,,
,,,,6087.65,,2186.55,2401.67,0,2711.84,2383.09,2383.09,,
,,,,,,,,,,1792.83,,,
,,,,,,,,,3232.57,2704.35,,1240.68,1978.4
,,,,2716.29,,2315.61,,,,,,,1608.14
,,,,2169.71,1109,2458.83,2189.54,562.05,2467.21,2230.88,618.29,3093.93,2272.1
,,,,,,,,,,,,,
,,,,,,,,,,,,,
,,,,680,2136.04,4323,2205,2709,,2012.08,1647.8,2674.22,
,,,41,1157.15,,,,,,,,,504.07
,,,,3255.31,,,,,,,,,
,,,,4744.28,592.16,3071.82,1783.73,0,2843,2603.54,1210.08,4399.16,1858.47
,,,,4868,,,,,,,,,
,,,,1088.64,,,,,,,,,
,,,,,,,,,,,,,
,,,,2534.73,,1878.49,1685.93,,2404.14,1151.45,-5.83,1996.27,1770.41
,,,,,,,,,,,,,
,,,,,,,,,,,,,
,,,,,,,,,,,,,
,,,,,,,,,,,,,
,2938.65,,,,,,,,,,,,
,,,,1879.89,1814,1831,1992.77,,1685.84,1937.69,,743.05,2142.86
,,,,1825.94,2020.47,1869.95,1254.73,,,,,,
,,,,,,,,,,30,,,
,,,,,,4345,4187,,,,,,
,,,,275,,,,,,,,,
,,,,,,,,,,,,,
,,,,,,,587.51,82,,161.7,434.07,,
,,,,12122.23,,,,,,,,,
,,,,,,2383.87,2057.32,448,,,,,
,,,,,,,,,,,,,
,,,,1058,,,175,,,,,,
,,,,743.69,,595.93,1254.73,,,440.43,,,
,,,,5175,,,,,,,,,
,,,,1197.49,-806.49,,,,,,,,
,,,,3592,,,3140,,2932,,,4600.88,
,,,,,,,350,,,,,,
,,,,,,,,,,,,,
,,,,,1717,2437.54,1853.8,1116.04,3016.38,2230.88,-11.67,,
,,,,1233.49,,519,1254.73,,1695.74,773.44,,,
,,,,1554.04,,,,,,,,,
,,,,,,,,,,,,,
,,,,2489.17,2327.96,1904.27,2723.32,,,,,,
,,,,1682.96,,,,,,,,,
,,,,390.02,,,,,,,,,
,,,,790.7,790.7,1651.81,1554,,1431,2555.79,,,
,,,,,,,,,,,,,
,,,,,3160,,,,,,,,
,,,,,,,1698.17,,1526.84,1223.93,,,
,,,,7500,,,,,,,,1745.59,2276.36
,,,,,,,,,,,,,5802.5
,,,,,,,,,,,,,
,,,,1168.19,,,,,,,,,
,2668.58,,,,,,,,,553.43,,,
,,,,,,,,,,,,,
,,,,,,,,,2884,2603.54,,3189.08,1858.47
,,,,2565.18,1067.11,1345.74,950.05,,-41,,,,
,,,,1182.99,,,,,,,,,
,,,,,,1430.14,,,,,,,
,,,,,421.63,443.44,814.75,,438.78,,,,880
,,,,3359,568,,3429,,,7818.94,,4093.14,2832.65
,,,,1193.99,,1433.74,644.31,,1284,1070.35,93.1,1522.67,1396.57
,,,,1336.02,,,496,,538,,,,769.94
,,,,,,,,,459.28,1198.78,,,
,,,,,,1843.25,1668,,,,,,
2660.66,2309,324.64,1712.69,835.75,,-611.02,273,,,,,,1176
,,,,,,,,,,,,,
,,,,1286,819.25,996.76,1488,1605,1293.36,1565.36,942.96,878.28,1506.68
,,,,1069.26,,,,,,,,,
,,,,,,,,,,,,,
,,,,,,264.29,2436.351,,,,,,
,,,,,,,,,,,,,
,,,,,1760.89,1843.25,1648,,1832.19,,,,
,,,,,,2534,,,,,,,
,,,,1527,766.62,2013,2109,3802,2670.25,2002.35,1915.4,158.65,2123.95
,,,,1721.15,,2091.15,,,,,,,
,,,,,,,,,,,,,
,,,,,,,,,,,,,
,,,,3874.65,0,1557,,,1482.65,,,,
,,,,,,,673.4,673.4,,,,,785.41
,,,,,,,,,,,,,
,,,,,,,,,,,,,
,,,,,,,,843,,,,860.66,
,,,,2029,282.6,,,,,,,,
,,,,,,,,,,,,,
,,2198.88,2040.43,3076.13,,4218,2532,1041,3444.09,2249.62,,3185.44,1953.62
,,,,,,,,,,1047,,,
,,,,,,1187.63,,,,,,,
,,,,2157.84,,1461.16,2162.57,619,2470.38,1819.88,631.05,2681.48,
,,,,,608,1130.21,1441.98,,1978.21,1469.25,-8.75,2294.24,2272.1
,,,,2188.5,,,655.36,,980.62,,,,
,,,,1920,,980.16,1119,,1184.66,1169.16,942.96,1207.28,929.28
,,,,,,,,,,,,,
,,,,,4231,2253.41,2189.54,1073.46,3022.93,1469.25,-8.75,2272.1,
,,,,,2285.61,,,,,,,,
,,,,,,,,,,,,,
,,,,,,,,,,,,,
,,,,,,,,,,,,,
,,,,,,,,,,,,200,389
,,,,,,,,,2357.95,2082.95,,,
,,,,,,,,,886.4,999.36,,,
,,,,,5570,,,,,,,,
,,,,,0,0,,,,,,,
,,,,,,,,,,,,,
,,,,1491.48,102,0,1559.57,,-105,,,,1671.54
,,,,,4828,2189.54,1685.93,,,,,,
,,,,,,,,,,,,,
,,,,1879.89,0,1238,,,,,,,
,,,,,,,,,,,,,
,,,,,,6412,,,,,,,
,,,,,,,,,,,,,
,1666.37,617.01,1438.9,2088,613.48,799.28,186,,,,,,
,,,,,,,,,,,,,
,,,,,,13268,,-540,,,,,2028.99
,,,,2091.15,,2536.08,1876.52,,1311.98,1810.18,,1566.71,1288.22
,,,,,,,,,,,,,
,,,,30,,,,345.28,,,,5777.37,6631.69
,,,,30,,,,,,,,,
,,,,,,,,,,,,642.9,
,,,,,,,,,,,,,
,,,,,,,,,,,,,
,,,,,,,,,,,,,
,,,,,,,,,,,,,
,,,,,,,,,,,,,
,,,,,,,,,,,,,
,,,,,1954,1552,1552,1581,3623.62,2082.95,1612.94,3143.64,2123.62
,,,,,285,12000,3800,,,,,,
,,,,,200,2607,2532,1210,2857.96,1582.94,1115.57,,
,,,,,2643,2437.54,2693.15,1021.33,2467.21,3943.29,-14.58,5786.78,3668.98
,,,,,,,,,,,,,
,,,,,2942.85,2247.51,1440,625,1378.16,830.76,559.08,1417.58,2857.79
,,,,1410,,1711.66,1689,,2263.41,1537.76,,1579.68,1794.01
,,,,1825.94,,1504.73,1096,,935.14,3580.94,,2731.19,-86.7
,,,,2719.37,,,,,,,,,
,,,,,1203.01,,,445.23,1542.64,,,,
,,,,,,,,,,,,2129.72,5757.52
,,,,,,,,,,,,,
,,,,4772.86,,,,,,,,,
,,,,,,,,,,,,,
,,,,,1640,1151.5,1130.21,1629.18,,,,,
,,,,711.45,,2288.76,2278.76,1219.2,,,,,
,,,,,,,,,3262.52,2933.77,3495.46,4500.07,
,,,,,,3464,3560,,3535.52,,3535.52,,
,,,,2755.52,,,2195.61,,830.54,,,,
,,,,,347.47,1614.91,951.62,-6.37,937.97,32.34,,,
,,,,,4569.06,,,,,,,,
,,,,,471,,,,,,,,
3687.21,3018.34,611.35,,4726.87,,,,,,,,,
,,,,,,1182,,-1180,,,,,
,,,,,8630.4,7934.8,7690.4,7526.4,7771,7706.4,,,2162.5
,,,,3095.75,396.97,4146.77,396.97,2678,1041.33,3642.8,38.43,2230.78,
,,,,,,,,,,,,,
,,2968,809,,,,,,,,,,
,,,,,7655.65,6918.7,7311.4,6551.4,,10,,,
,,,,,2180.27,1033.95,,,,,,,
,,,,,,1693.42,2033.19,,1384.97,1680.89,,,
,,,,,,,,,,,,,
,,,,,,1088.28,685,,,,,,
,,,,,,1397.74,1746.51,430.24,1778.76,1881.18,,,
,,,,,,,,,,,,,
,,,,,6465,,,2070,,2080.41,,746.43,
,,,,,,1452.99,1755,,,,,,
,,,,,848,583,424,,,,,,
,,,,,,3882.94,56.75,,,,,,
,,,,,0,2396,2195.33,,2348.37,2030.6,,2992.6,2791.75
,,,,,,,,,,,,,
,,,,,0,0,,,,,,,
,,,,,,5338,,,,5432.31,,,
,,,,,,,,,2357.95,2582.96,1159.2,200,
,,,,,,,,,,,,,
,,,,,,,,,,,,,
,,,,,,,,,,,,2952.47,2654.53
,,,,,,542.58,,1485,,867.77,122.06,,
,,,,,,,,,,,,,
,,,,,2179.52,,,,,,,,
,,,,,3467.2,590.5,,,,,,,
,,,,,,,,,,,84.27,2902.06,2833.63
,1944.54,,1984.65,1604.5,,-1206.03,,,,,,,
,,,,,,2435.87,2654.02,,3940.29,2146.62,1170.16,1864.71,1771.76
,,,,,1129.84,1843.25,1692,1604,1378.51,1613.96,599.9,1871.88,724.85
,,,,,1374.85,885.5,1342,,,,,,
,,,,,,3661.73,2863.55,550.68,2884,3704.9,835.62,4589.39,3543.54
,,,,,317.32,,,,,,,,
,,,,,,5373.78,1883.73,550.68,2292.32,2603.54,2603.54,3997.12,3262.7
,,,,,,,,,,,,,
,,,,,,,,,,,10265.49,,
,,,,,,1744.15,952,,,,,,
,,,,,,,,,,,,,
,,,,,,,,,,,,,
,,,,,,1318,1318,,,,,,
,,,,,621.91,3961.64,2568.07,0,3932.34,3157.22,3157.22,,
,,,,,789.67,2666.89,1243.82,1101.36,2333.32,2052.86,,1467.78,1858.47
,,,,,,,,,,,,,
1398.72,,,,,0,3708.81,,,,,,,
,,,,,,1318,,,,,,,
,,,,,,1935.21,1644,748,,,,,
,,,,,,,,,2179.88,2981.9,,,
,,,,,,,,,1582.94,1582.94,,1613.62,1613.62
,,,,,,10488.15,,,2650.65,2558.15,2972.38,2513.31,2841.62
,,,,,,3243.65,,,,,,,
,,,,1093,,,,1854,,2376.69,651.1,,
,,,,,0,0,,,,,,,
,,,,,,2049.5,,,,,,,
,,,,,6121.08,3199.45,2811,1916.87,2414.97,,,,
,,,,,3229.5,,,,,,,,
,,,,,,1906,1693,1297,,1675.55,2488.02,3366.28,1805.12
,,,,,,,,,,,,,
,,,,,,,1322.52,1322.52,,4567.48,,1814.08,
,,,,,0,0,,,,,,,
,,,,,,,,922.49,,,,,
,,,,,0,0,,,,,,,
,,,,,,,,,,,,,
,1211.85,1629.55,2430.51,1968.64,,,,,,,,,615.61
,,,,,,,,,,,,,
,,,,,,,,,,,,,
,,,,,3358.14,3783.55,4003,3680.78,3158.49,3190.01,883.94,1087.45,2631.27
,,,,,,1668.21,2378,,949.11,1694.51,,243.77,
,,,,,,,,1041,1857.94,1582.94,1061.47,2440.09,593.61
,,,,,,,,,,,,,
,,,,,0,1902.17,1701.32,,-51,,,,
,,,,,,,,200,1657.94,,,42.55,
,,,,,,1971.66,1267,1899.32,831.08,81.31,,1429.42,
,,,,,,3604.52,3397,3641,3575.75,,,,
,,,,,,,,,,,,,
,,,,,,,,,,,1223.67,,
,,,,,,,,,,,,,
,,,,,,,,,,,,,
,,,,,,,,,,,,,
,,,,,,,,,,,,,
,,,,,,,,,,,,,
,,,,,,,,,,,,,
,,,,,,,,,,,,,
,,,,,,,,,,,,,
,,,,,,,,,,,,,
,,,,,,,,,5756.77,,,,935.99
,,,,,,,,,,,,,
,,,,,,,1785.74,,,,,1851.71,-1222.16
,,,,,,,,,,,,,
,,,,,,,,,,,,,
1282.41,,,,,,,,,,,,,
,,,,,,2807,2532,,1857.94,2082.95,1061.47,2398.62,2633.63
,,,,,,,,,,,,,
,,,,,,1287,1731,,,,,,
773.44,,,,,,1990.22,922.45,,,773.44,,955.16,955.16
,,,,,,,,,,,,,
,,,,,,,,,,,,,
,,,,,,1831.67,1644.67,1091,1532.32,1112.32,,,
,,,,,,,,,,,,,
,,,,,,,,,,,,,
,,,,,,,,,,,,,
,,,,,,,,,,,11013.92,,1794.15
,,,,,,,,,,,,,
,,,,,,2643.18,2598.04,,2867.04,2676.22,,,
,,,,,,,,,,,,,
,,,,,,,,,7400,,,,1472
,,,,,,,,,,,,,
,,,,,,,,,,,,1301.68,
,,,,,4500,,,,,,,,
,,,,,,,,,,,,,
,,,,,,,,,,,,,
,,,,,,,2805.93,363.51,,,,,
,,,,,,2396.6,3120,,2598.46,2495.09,880.7,,
,,,,,,,,,,,,,
,,,,,,12573.47,8777,,268.42,,,,
,,,,,,1288.74,2070,856,1043.52,,,1028.43,
,,,,,,,,,,,,,
,,,,,1200.79,1467.84,1219.44,,1315,1071.75,,,
,,,,,,,,,,,,,
,,,,,,,,,,,,,
,,,,,,,,,,,,,
,,,,,1554.43,877.97,,,,,,,
,,,,,,,684.42,684.42,,,,,
,,,,,,,,,,,,,
,,,,,,2437.54,2189.54,,2488.92,2230.88,-11.67,,
,,,,,,4333.47,3583.43,1101.36,4356.92,4515.77,1089.16,4757.33,3770.88
,,,,,,,,,,,,,
,,,,,,,,,,,,,
,,,,,350,1214.24,,,,,,,
,,,,,,,3133.51,550.68,550.68,,,,
,,,,,,,,,,,,1337.21,781.76
,,,,,,3882.94,-1038.09,,3932.33,,,,
,,,,,862.76,862.76,,,,,1218.45,,
,,,,,,,,,,,,,
,,,,,907.69,754.48,-123,1091,,773.44,,,
,,,,,,2531.92,2014,746,706.56,2855.73,1036.38,,
,,,,,,922.45,1420.87,,,,,,
,,,,,,,,,,,,,
,,,,,,2039.08,1692,1582,1832.19,1174.28,599.9,2296.46,2427.57
,,,,,,2475.46,,1056,1870.46,1125.06,,845.58,545.43
,,,,,,2575.01,1365.49,,1636.98,,880.04,2055.45,1446
1375.2,657.5,1182.99,665.64,,,,,,,,,,
,,,,,,,,,,4604.45,,,
,,,,,,,,,,,,,
,,,,,119.16,1648.69,1345.74,,1866.55,2132.05,650.44,2060.78,1806.95
,,,,,862.76,,1200.49,1522.55,,,,,
,,,,,,3094,,,,,,,
,,,,,74.51,1237.48,1648.69,,-41,,,,560.72
,,,,,,4367.16,1963.7,1101.36,,,,,
,,,912.74,1768.75,262.95,1505,523,,,,,,
,,,,,,,,,2310.14,2310.14,,2346.68,1777.16
,,,,,,,,,,,,,
,,,,,,,,,,,,,
,,,,,,2607,2532,,3472.79,2582.96,,,
,,,,,,,259,,,,,,
,,,,,,1130.21,618.8,,,,,,
,,,,,,,,,,,,,
,,,,,,,,,,,,,
,,,,,,,,,,,,,
,,,,,,,,,,,,,
,,,,,,5576.8,584,,5415,,,,
,,,,,,2423.91,2180.66,,,,,,
,,,,,,,,,,,,2259.82,
,,,2277.84,1917.84,,,,,,,,,
,,,,,,,,,,,,,
,,,,,0,2004.17,1884.32,,1172.93,1694.76,,1917.65,816.76
,,,,,,807.99,1182.28,0,1964.87,1690.12,1690.12,2671.69,
,,,,,,1868,1062,,2047.58,2272.58,,2422.04,1613.62
,,,,,,,,,,,,,
,,,,,,488.63,1061,,,,,,
,,,,,,2186.55,1861.76,,,,,,
,,,,,,2605.79,2357.79,,,,,,
,,,,,,2896.32,1364.7,1039.65,382,710.7,,,
,,,,,,,,,,1050.12,,2261.89,2261.89
,,,,,,3980,474,,,,,,
,,,,972.45,972.45,972.45,661.26,661.26,678.72,,,,
,,,,,,1288.74,2070,856,,,,,
,,,,,,,,,,,,1304.6,
,,,,,,993.62,,,,,,,
,,,,,,,,,,,,,
,,,,,,,,,,,,,
,,,,,,,,,,,,,
,,,,,,1152.39,,,,,,,
,,,,,,3071.82,2863.55,550.68,,,648.39,3837.47,2981.85
,,,,,,1020.65,,,,,,,
,,,,,,515,1522,,2357.95,1582.94,,,
,,,,,,407.26,,,,,,,
,,,,,,2287.46,652.01,,-652,-729.44,,,
,,,,,,,,,5973,,,,
,,,,,,,,541,2082.95,1849.64,,,
,,,,,,,,,,,,,
,,,,,,640.09,548.41,,,,,,
,,,,,,,,,,,,,
,,,,,,2357,2042,,2357.95,1582.94,,1888.62,1613.62
,,,,,,,,,,,,,
,,,,,,,,,1582.94,2082.95,,2633.63,2123.62
,,,,,,4167.77,3491.36,0,3842.69,3731.97,489.58,2244.57,3371.16
,,,,,,4861.23,,,,,,,
,,,,,,7323,,,,,,,
,,,,,,658.1,,,,,,,1479.1
,,,,,,2469.32,1764.79,,3719.88,3714.85,2282.9,4742.69,3648.12
,,,,,,1430.14,,,,,,,
,,,,,,,,,,,,,
,,,,,,611.66,,,,,,,
,,,,,,1593.42,952,,,,,,
,,,,,,,,,,,,,
,,,,,,3369,2696,,,,,,
,,,,,,1699.66,2371,,,,,,
,,,,,,2736.28,2024.77,276,2535.14,,,,
,,,,,,,,,,3475.53,,4224.65,4992.49
,,,,,,,,,,,,,
,,,,,,3454.88,2525.25,619.44,2760.89,1819.88,1262.09,3570.41,2617.79
,,,,,,,,,,,,,
,,,,,,,,,,,,,
,,,,,,,,541,540.65,,,1730.74,2633.63
,,,,,,1350.9,1713.51,,,,1486.56,,
,,,,,,826.87,945.22,76,,,,,
,,,,,,10125.6,5563.75,,-41,,,,
,,,,,,,2130,,2165.66,721.41,,2730.15,1295.81
,,,,,,7271.2,7010.56,,8523.23,8315.86,,,
,,,,,,2589.94,1297,1171,-428.75,,,,
,,,,,,,,,,,,,
,,,,,,1598.75,1538.72,,,412.35,,,632.24
,,,,,,,,,,,,,
,,,,,,,,,,,,2649.7,
,,,,,,1684,-656,,,,,,
,,,,,,,,,,,,,
,,,,,,5450.68,5509.65,,-41,,,,
,,,,,,1430.14,1185.74,381.75,1613,1253.4,1073.57,967.28,1566.36
,,,,,,,,,,,,,
,,,,,,2335,2319,,,,,,
,,,,,,3191,434,,,,,,
,,,,,,3025.6,2092,453,2529.48,1587.86,1504.56,2011.62,1751.62
,,,,,,,,,,,,,
,,,,,0,1490,,524.48,,,,,
,,,,,,5407.61,,,,,,,
,,,,2188.5,,,962.17,,980.62,980.62,,,
,,,,,,666.4,,,,,,,
,,,,,,1320.65,,,,,,,
,,,,,,2307.32,1898.77,717,1717.82,1692.44,,2317.05,1496.81
,,,,,,1684.16,,,75,,,,1371.23
,,,,,,,1422.52,1422.52,,,,,
,,,,,,,,,,,,,
,,,,,,1682,338,,,,,,
,,,,,,,,,,,,,
,,,,,,1831.67,1254.73,1377,773.44,504.63,,,
,,,,,,,,,,,,3105.65,2301.89
,,,,,,,1872.16,,1892,1459.87,,1302.32,
2201.08,1128.06,,2284.28,2022.13,610.03,2038.25,2226,,-41,,,,
,,,,,,,,,,,18514.38,,
,,,,,,,2215.87,1852,,202.13,,,
,,,,,,846.87,614.58,,,,,,
,,,,,,1843.25,1836,1582,2047.75,3379.64,1661.6,1908.6,1713.01
,,,,,,1902.17,1701.32,1497.32,1182.68,2030.6,1526.84,2992.6,2791.75
,,,,,3378.05,,1778,,1978.56,913.41,664.13,1414.41,2015.79
,,,,,,4067,,,,,,,
,,,,,,4436,,,,1446.92,,,
,,,,,,,1153,,1343,323,,1106,594
,,,,,,492.83,851,,,,,,
,,,,,,,,,,841.97,,1140.68,
,,,,,,1539,,,,,,,
,,,,,,,,,,,,,
,,,,,,,,,,,,,
,,,,,,,,,,,,,
,,,,,,,,,,,,,
,,,,,,,2004.47,,646.8,440.43,,,
,,,,,,,,,,,,,
,1126.92,,,,,,,,,,,,
,,,,,,922.45,922.45,,,,,,
,,,,,,,1701.78,738.72,,,,,
,,,,,,2008.94,1648,1604,2508.23,1613.96,1613.96,2598.16,2425.66
,,,,,,,,,,,,,
,,,,,,,,,,,,,
,,,,,,1253.97,,,,,,,
,,,,,,,,,,,,,
,,,,,,,,,,,,,
,,,,,,1750.26,3081,,,,2566,,
,,,,,,,12775.5,876.54,,,,,
,,,,,,,,,,,,,
,,,,,,1685.93,,,,,,,
,,,,,,,,,,,,,
,,,,,,1843.25,1648,,1873.78,1613.96,,2471.95,
,,,,,,2542,,200,2350.92,2550.92,,,
,,,,,,,,,,,,,
,,,,,,,,,,,,,
,,,,,,,,,,,,,
,,,,,,,,2882,,,,,
,,,,,,,,,2398.31,1909.86,1231.25,,
,,,,,,1226.28,766,,,,,,
,,,,,,446.62,591,,,-1037.64,,209,209
,,,,,,634.2,634.2,758,,,,,
,,,1693.15,1693.15,431.35,1301.9,,439.86,926.67,574.99,,,
,,,,,,,,,,,,50.68,
,,,,,,3464,3506,,,,,,
,,,,,,,,,,,,,
,,,,,,2477.98,1965.79,1472.36,1409.24,1683.09,725.51,1552.13,1346.48
,,,,,,806.87,1371.45,,870.08,1160.16,,,
,,,,,,2313.17,3144,,1633,,,1359,1241
,,,,,,2885.25,3664.49,,,,,,
,,,,,,1663.28,922.45,,1695.74,1445.74,,,
,,,,,,674.11,,,,,,,
,1625.12,,1903.03,,,,,,,,,,
,,,,,,,846.87,,1427.7,575.08,,,
,,,,,,,,,,,,,
,,,,,,6018,,6018,,,,,
,,,,,,2674.32,1640,,,,,,
,,,,,,,1182.23,,,,,,
,,,,,,,,,,,,,
,,,,,,,,,,,,,
,,,,,,,,,,,,,
,,,,,,,,,,,,,
,,,,,,,1061,,,,,,
,,,,,,3080.12,3622.64,,,,,,
,,,,,,,,,,,,,
,,,,,,,,,,,,,
,,,,,,,,,,,,,
,,,,,,,,,,,,,
,,,,,,,,,,,,,
,,,,,,,,,,,,,
,,,,,,,,,,,,,
,,,,,,,,,,,,,
,,,,,,,,,,,,,
,,,,,,,,,,,,,
,,,,,,1409.15,752,,1366.75,1171.16,667.81,227.02,
,,,,,,1460.76,1140,252,1855.16,1839.66,,1549.28,
,,,,,,743.01,,,,,,,
,,,,,,1548.16,1333.16,1108.62,1266.62,1300.16,862.62,1792.1,2033.7
,,,,,,1548.16,1172.01,1370.91,1534.16,1656.88,287.54,,
,,,,,,,,,,1391.61,438.78,1494.7,1574.6
,,,,,,,,,,,,,
,,,,,,1962.9,1885,,1952,3336,,1411.5,1411.5
,,,,,,4605,,,,,,,
,,,,,,,,,,,,,
,,,,,,2542.28,2042,,2570.48,2060.48,559.32,2479.36,1716.62
,,,,,,2458.83,,,,,,,
,,,,,,,,,,,,,
,,,,,0,2748,2845.43,509.3,2787.75,2774.94,519.32,,1244.34
,,,787.26,737.26,,,,,,,,,
,,,,,,,,,,,,,
,,,,,,2885.25,2810.06,1820,2470.39,2400.89,2447.33,3866.72,2617.79
,,,,,,,1254.73,391,,440.43,767.08,1550.61,1213.91
,,,,,,1504.73,1254.73,,773.44,1112.32,767.08,,825.11
,,,,,,,1172,,1129.57,1766.99,,1908.6,1218.36
,,,,,,16304,,,,,,,
,,,,730,,1865.49,,,2278.12,2350.52,,,1723.88
,,,,,,2219.82,568.1,739.07,1312,739.07,391.54,1140.68,1450.21
,,,,,,1504.73,1420.87,1050,1362.32,1112.32,1105.96,1550.61,1473.34
,,,,,,,,,,,,,
,,,,,,1663.13,1303.13,,2760.89,1529.38,,2977.79,2025.17
,,,,,,1891.94,1728,,2529.95,1773.98,2203.1,1677.92,1703.54
,,,,,,,,,,,,,
,,,,,,,,,,,,,
,,,,,,,,,,,,,
,,,,,,6371,,,,,,,
,,,,,,,,,,,,,
,,,,,,,,,5711.24,195.59,,,
,,,,,,,,,,,,,
,,,,,0,3967.28,,,-287.98,,,,
,,,,,,1504.73,1420.87,,1362.32,1112.32,,1550.61,
1507.48,1040.36,,,,,,,,,,,,
,,,,,,,716,,664.13,266.6,599.9,851.93,
,,,,,,,3462,,1680.66,,,,
,,,,,,1866.88,,,,,,725.45,725.45
,,,,,,,,,,,,,
,,,,,,10500.15,276,,5611.02,3112.06,346.8,,
,,,,,,,,,,,,2695.69,
,,,,,,1937.37,1254.73,,,,,,3349.88
,,,,,,,,,,,,,
,,,,,,2598.98,689,-667.82,,,,,
,1712.94,,1261,582.25,221.45,477.01,479,,,,,,
,,,,,,,,,,,,,
,,,,,,1937.37,1475.97,1155,,881.24,434.07,955.16,1805.45
,,,,,,,,,,,,,
,,,,,,,,,,,,,1322.52
,,,,,,1637.23,2650.46,978,1608.75,2143.08,,,
,,,,,,4103,,,,,,,
,,,,,,,,,,,,,
,,,,,,,,,,,,,
,,,,,,2783.4,-2742,,,,,,
,,,,,,,5938.37,0,,,849.65,2333.87,592.44
,,,,,,,,,,,,,
,,,,,,,,1115,,,,,
,,,,,,4489.15,,,,,,,
,,,,,,,2690.13,0,2462.61,,,2809.51,
,,,,,,1452.79,,710.7,711,,,,
,,,,,,,,,,,,,
,,,,,,947.39,1392,,1685.06,1898.61,1564.41,2031.83,
,,,,,,,,,,,,,
,,,,,,2885.25,2525.25,1820,2760.89,2400.89,,2088.86,1349.4
,,,,,,,,,,,,,
,,,,,,1508.07,1628,455,1632,2375,395,1261,1099
,,,,,,5873,,,,,,,
,,,,,,,,,,,,,
,,,,,,1756.72,1508.72,,1040,1858.61,1423.11,1810.76,
,,,,,,,,,,,,,
,,,,,,1504.73,1687.37,-123,,,,2708.62,
,,,,,,,,,692,,,,
,,,,,,,,,,,,,
,,,,,,,,,,,,358.08,1195.84
,,,,,,,,,,,,,
,,,,,,1527,2370,2061,,1433.62,,,
,,,,,,2597.08,,,,,,,
,,,,,,3208,3689,1656,1712.23,1652.96,3215.74,2286.35,537.65
,,,,,,1442,,,,,,,
,,,,,0,758.84,914,,,,,,
,,,,,,862.76,,,,,,,
,,,,,,,493,,,,,,
,,,,,,5407.61,,,977.05,,,,
,,,,,,3242.25,2325,,,,,,
,,,,,,,,,,,,,
,6043.76,,,,,,2515,,3030.27,3180.32,,2598.05,
,,,,,,3844.67,103.39,-37.5,,,,2503.83,2173
,,,,,,3376.45,3127,,,,,,3515.78
,,,,,,923,922.45,,837.64,773.44,,,
,,,,,,2357.41,618.8,1073.46,2467.21,381.96,627.05,2272.1,
,,,,,,605.91,745,,,,,,
,,,,,,,,,,,,,
,,,,,,,,,,,,,
,,,,,,1937.37,,,,,,,
,,,,,,,5513.12,,,,,,
,,,,,,477.01,,,,,,,
,,,,,,431.93,,,,,,,
,,,,,,,,,,,,,
,,,,,,,,,,,,,
,,,,,,,,,,,,,
,,,,,,665.8,,,,,,,
,,,,,,759.84,759.84,759.84,799.98,775.18,663.25,725.48,725.48
,,,,,,1569.66,895,952.36,1129.9,880.54,,887.65,852.65
,,,,,,1676.41,1809,,3196,3564,,1808,
,,,,,,,608.65,-421.1,,,,,
,,,,,,2408.55,2160.55,,1923.71,,,,
,,,,,,922.45,1254.73,1271,1362.32,1445.74,,442.21,1279.31
,,,,,,,,,,,,,
,,,,,,1430.14,,,,,,,
,,,,,,,,,13364.26,,,7190.89,
,,,,,,,,,,,,,
,,,,,,,,,,,,2832.55,2284.57
,,,,,,12339.01,,9143,,,,,
,,,,,,,,,,1081,,,
,,,,,,,,,,,,,
,,,,,,595.93,,,,,,,
,,,,,,,2600,,2933,2711.92,108.21,3025.35,2078.53
,,,,,,,534,,,,,,
,,,,,,1933.93,2189.54,716.11,1956.5,2230.88,481.74,1996.27,1748.27
,,,,,,,,,1674.75,1106.93,,,7705.28
,,,,,,3532.77,1964.15,,2787.68,2787.74,2070.28,3580.03,2467.98
,,,,,,,,,,,,,
,,,,,,,,,,,,,
,,,,,,,,,,,,,
,,,,,,2529.04,,,,,,,
,,,,,,2221.1,2518.6,2338.16,-41,,,,
,,,,,,,,,864.28,864.28,,1494.7,1574.6
,,,,,,,,,,,,,
,,,,,,,,,,,,,
,,,,,,,,,484.28,,,,
,,,,,,,1343,,1669.31,830.76,,1123.58,
,,,,,,,1254.73,,1475.28,1112.32,,1550.61,1300.61
,,,,,,1897.59,2671.54,,,,,,
,,,,,,2014.44,,459.28,,961.82,,936.82,
,,,,,,4473.72,3923.84,,3913.28,404.14,411.46,769.96,
,,,,,,,3723,,753.01,755.04,,,
,,,,,,,3121.99,1251.15,4495.07,3438.05,,,
,,,,,,,,,,,,,
,,,,,,,,,,,,,
,,,,,,,539.78,,726,,,967.28,
,,,,,,,,,,,,,
,,,,,,,2350.44,0,,,,,
,,,,,,,,,,,,,
,,,,,0,480.36,1003.31,204,1305.68,,1023.08,,730.5
,,,,,,5552.66,,,0,,,,
,,,,,,,,,,,,,
,,,,,,6551,,,6573,,,,
,,,,,,4318,,,,,,,
,,,,,,,,,5090.05,,,,
,,,,,,1907.39,1190,,968.31,1338.41,,845.58,1423.73
,,,,,,1150.59,1151,1107,2316.58,,2213.86,2425.77,1713.01
,,,,,,2340.32,1707,44,1809.55,1782.97,,1908.6,1713.01
,,,,,,3006.59,2767.93,681,2822.78,1881.77,366.32,2448.32,2025.17
,,,,,,6573,,,,2346.96,,7666.9,7333
,,,,,,,,,,,,,
,,,,,,,,,,,,,
,,,,,,,,,107.29,,,,
,,,,,,,1185.74,1039.65,382,,,,
,,,,,,,,,,,13050.57,,
,,,,,,3976.37,3582.5,,3148.16,2402.09,-12.64,,
,,,,,,,,,,,,,
,,,,,,,301,,4515.86,,308.25,,
,,,,,,2501.41,2461.28,,2532.34,2744.51,-14.58,1194.39,1814.69
,,,,,,,875,,,,,1332.19,138.53
,,,,,,,,,,,,,
,,,,,,,4453.24,0,2161.16,1281.73,1897.42,2253.31,
,,,,,,2695,2686,,1876.47,1592.31,,1954.78,1908.49
,,,,,,2408.55,2160.55,,,,,,
,,,,,,739.73,-170.89,716.11,,755.7,1510.74,1242.27,
,,,,,0,0,,,,,720.17,529.65,
,,,,,,,,,2788,2867.51,961.81,-815.16,
,,,,,,,,,,,,,
,,,,,,1436.13,,,,,,,
,,,,,,1456.18,1355,-1133,,,,,
,,,,,,,3497.52,245.05,1626.99,2042.1,,477.77,1346.32
,,,,,,1815.36,2029,,1191.5,,,,
,,,,,0,0,,,,,,,
,,,,,,,,,,,,2855.92,
,,,,,,,3331,,1282.94,2357.95,,1071.29,1071.29
,,,,,,,4522,,,,,,
,,,,,,6423,,,,,,,
,,,,,,,,,,,,,
,,,,,,,,,,,,,
,,,,,,,,,,,,,
,,,,,,,2598.04,,2867.04,2676.22,,,
,,807.8,,,,,,,,,,,
,,,,,,5251.74,,,,,,,
,,,,,,,,,,,,,
,,,,,,2351.13,2028,,2732.25,3278.62,,3987.08,
,,,,,,,1575.79,,,,,,
,,,,,,,309.43,,,,,,
,,,,,,,,,,,,,
,,,,,,,2525.25,,2179.88,3562.91,631.05,3274.1,2617.79
466.51,,441.51,,,,,,459.28,,,,,
,,,,,,,608.06,,,,,,
,,,,,,,,,,,,,
,,,,,,,,,,,,,
,1651.15,,,,,,,,,,,,
,,,,,,,5379,1604,1809.55,1613.96,1187.47,2435.77,2330.18
,,,,,,1305.46,1104,,1174.11,1125.06,,,
,,,,,,,5316.14,,,,,,
,,,,,,,,,,,,,
,,,,,,,1877.84,,2425.59,2109.52,904.9,,
,,,,,,573.16,1689,,,,,,
,,,,,,,,,,,,,
,,,,,,,4998,,,,1355.2,,
,,,,,,,2646.59,681.33,2303.66,2524.67,,-752.12,2151.47
,,,,,,,,,,,,,
,,,,,,,,,,,,,
,,,,,,,,,Last attended 12/19,,,,
,,,,,,,3619.86,,1956.5,1717.25,-8.75,,
,,,,,,1375.26,1283,625,2044.91,1833.66,,2076.98,
,,,,,,,,,,,,,
,,,,,,,,,,,,,
,,,,,,5398.26,7081,,,,,,
,,,,,,1574.56,994,,715.31,886.86,,1363.88,960.48
,,,,,,,2663.78,,,,,,
,,,,,0,2396,2683.95,,2180.45,2207.6,2527.9,2665.96,2959.71
,,,,,,,1855.61,,,,,,
,,,,,,,1718,,,,,,
,,,,,,,,,1695.74,1692.44,,1890.52,1805.45
,,,1903.03,2148.83,,,,,,,,,
,,,,,,,,,,,,,
,,,,,,,,,,,,,
,630.12,422.46,1746.65,1195,430.1,1501.26,1056,343,1495.16,1125.06,1174.86,945.63,1669.73
,,,,,,,,,,,,,
,,,,,,,4981,1416,2744.72,2038.65,2838.43,2659.73,2824.31
,,,,,,,,,,,,,
,,,,,,,,,,,,,
,,,,,,667.83,851,,1635.56,1472.01,937.56,,
,,,,,,,6815,,,,,,
,,,,,0,1902,1701.32,,1676.69,,,1971.58,
,,,,,,4866,,,,,,,
,4348.23,,1995.19,1617.16,1129.84,1843.25,2151,2104,2406.14,1828.24,645.17,2425.77,2230.18
,,,,,,,1718,,,,,,
,,,,,,,,,,,,,
,,,,,,,,,,,,,
,,,,,,7323,,,,,,,
,,,,,,2221.1,2944.71,2338.16,-41,,2569.25,,
,,,,,,,,,1908,,,,
,,,,,,,922.45,,1362.32,,,,
,,,,,,,,,,,,,
,,,,,,,,,,,,,
,,,,,,,,5192,,,,,
,,,,,,,1581.67,758,1524.02,1509.94,831.28,2302.83,1415.76
,,,,,0,0,,,1694.76,1895.61,,1942.01,1971.58
,,,,,,,4366,2101,2823.61,2692.06,1655.36,1749.05,678.67
,,,,,,,,,,,,,
,,,,,0,0,1933.48,,-51,,,,
,,,,,,,,,,,,,
,,,,,,,,,7346.53,4112.84,-1905.28,2998.41,-980
,,,,,,,1140,,,1160,,,
,,,,,,,960,,293.82,587.64,,,
,,,,,,,5240.04,,,,,,
,,,,,,,,,,,,,
,,,,,,,2195.62,-2195.62,619.44,1819.88,631.05,2681.48,1555.4
,,,,,,,40,,,,,,
,,,2992.23,1752.05,,,2323.64,0,2295.32,2603.54,,,
,,,,,,,,159,,,,,
,,,,,,,3057,,,1106.93,,,724.85
,,,,,,,675,,599.9,,45.27,1908.6,1713.01
,,,,,,,1527,,441,,,,
,,,,,,,,,,,,,
,,,,,,,,,,,,,1012
,,,,,,1955.6,2250,,-22,,,,
,,,,,,,,,,,,,
,,,,,,,,,,,,,
,,,,,,,,,2947,,-200,,
,,,,,,,,,1858.27,,,,
,,,,,,,1089,,,,,,
,,,,,,,,,,,,1754.5,
,,,,,,,3334.88,3563,2760.89,3562.91,,,
,,,,,,,711.27,771.27,,,,,
,,,,,554.32,,,,,,,,
,,,,,,,,,,,,,
,,,,,,,,,,,,,
,,,,,,,,,,,,,
,,,,,,,1685.93,,2467.21,2230.88,-11.67,1996.27,1748.27
,,,,,,,922.45,717,,773.44,,615.61,
,,,,,,,1685.93,562.05,521.49,102.64,,,2130.44
,,,,,,,2324,588,1809.55,1636.04,45.27,711.43,249.54
,,,,,,,,,,,,,524.85
,,,,,,,2189.54,1629.18,2467.21,823.33,1001.8,2795.93,2795.93
,,,,,,,,,,,,,
,,,,,,,3615.8,90,,,,,
,,,,,,,889,,,,,,
,1625.12,,,,,,,,,,,,
,,,,,,,1822,,,,,,
,,,,,,,2748.75,978,-529,,,,
,,,,,,,1254.73,,876,,,,
,,,,,,,1254.73,,,,,,607.14
,,,,,0,0,3766.43,,,,,,
,,,,,,,1644,632,1129.57,1106.93,686.21,771.02,688.67
,,,,,,,,,,,,,
,,,,,,,,,,,,,
,,,,,,,,,,,,,
,,,,,,,1254.73,391,,773.44,,,
,,,,,,,2401.67,550.68,3262.52,,,,
,,,,,,,1718,,75,,,,
,,,,,,,,,,,,,
,,,,,,,,,,,,,
,,,,,,,862.76,381.75,826,1155.32,387.84,1140.68,387.84
,,,,,,,,,,,,,13522.21
,,,,,,,,,222.05,,,,
,,,,,,,,,,,,,
,,,,,,,5449.64,1174,2986.18,2986.27,,3332.85,3056.2
,,,,,,,4189.86,-9.1,,,,,
,,,,,,,618.8,,918.56,1738.96,1142.7,1700.46,
,,,,,,,1081,717,773.44,,,,
,,,,,,,,,968.91,1789.46,,2409.48,1721.48
,,,,,,,2597,,,,,,
,,,,,,,,,,,,,
,,,,,,,1246,,4247.45,5494.14,5402.62,5659.24,3227.32
,,,,,,,,,,,,,
,,,,,,,,,,,,,
,,,,,,,,,,,,,
,,,,827,843.03,,968,142,,2900.09,3031.96,303.87,
,,,,,,,1707.22,,,,,2018.41,
,,,,,,,1151,,665.58,578.25,,851.06,
,,,,,,,158.55,,,,,,
,,,,,,,,,,3387.76,,,
,,,,,,,,,,,,1550.61,
,,,,,,,,1410.41,-41,,,,
,,,,,,,2503,,3264.62,,,,
,,,,,,,,,,,,,
,,,,,,,1360.43,,,,,,
,,,,,,,,,1347,1100.85,,1538.12,1293.72
,,,,,,,,834.9,,,,,
,,,,,,,,1227.77,,1832.3,,,
,,,,,,,2522.18,,2419.99,2357.08,,2632,2576.8
,,,,,,,,4150.76,,,,12962.82,
,,,,,,,3927,,,,,,
,,,4030.94,,,,,,,,,,
,,,,,,,,1478,,1592.3,,,
,,,,,,,5060.55,,-1546.34,2648.72,,,
,,,,,,,,,,,,,
,,,,,,,701,,,,,,
,,,,,,,,,,,,,
,,,,,,,894.26,397.1,397,626.09,,,
,,,,,,,,,,,,1752.18,
,,,,,,,,,,,,,
,,,,,,,1844,282,2579.64,,,,
,,,,,,,,,,3221.9,3632.57,2977.79,3803.03
,,,,,,,1820,,1678.3,1728.56,968.48,,
,,,,,,,698.96,,,,,,
,,,,,,,962.17,,,,,,
,,,,,0,0,1408.16,,-51,,,,
,,,,,,,,4257,2681.49,2673.88,1223.67,3193.1,2025.17
,,,,,,,,,3040,40,,,
,,,,,,,,,,,,,
,,,,,,,,,,,,,
,,,,,,,,,,,,,
,,,,,,,6573,,6573,,,,
,,,,,,,,,3380.33,1819.88,1223.67,2211.71,2025.17
,,,,,,,2489,-417,1877.97,,,,
,,,,,,,,,1722,1722,,,
,,,,,,,2489,-471,1758,1186.16,,,
,,,,,,,,,1155.65,1099.61,45.27,92.35,
,,,,,,,,,,,,,
,,,,,,,2944.55,0,,,,2201.65,
,,,831.48,831.48,,846.87,1139.16,,,,,,
,,,,,,,,,2374.97,2130.61,1586.37,422.31,2423.3
,,,,,,,,,5004.67,,,,
,,,,,,,1344,,,,,,
,,,,,,,,,,,,,
,,,,,,,2396,,,,,,781
,,,,,,,1685.93,1629.18,,1151.45,-5.83,1194.39,
,,,,,,,,808.58,,,,,
,,,,,,,,,2045.54,1658.54,1636.62,1568.64,1670.5
,,,,,,,,,,,,,
,,,,,,,2105.77,1975.31,2481,2544.98,2408.27,2652.72,2409.32
,,,,,,,,,,,,,
,,,,,,,,1268.98,1424.92,755.32,354.82,1568.67,
,,,,,,,1684,,,,,,
,,,,,,,,,,,,,
,,,,,,,,914.15,1979.6,2399.37,1694.76,1557.33,2272.02
,,,,,,,,2906.95,2180.45,1526.84,,2064.87,1557.33
,,,,,,,,,773.44,773.44,,1723.34,-316.75
,,,,,,,,,2650.85,2366.49,2131.17,2166.45,2401.45
,,,,,,,,,,,,,
,,,,,,,,,,,,,
,,,,,,,,,3184.85,3028.2,,3252.02,3296.22
,,,,,,,,476,,,,,1366.01
,,,,,,,,,2401.6,,2010.62,,
,,,,,,,,,,,,,
,,,,,,,,,,,,,
,,,,,,,,2077,,,,,
,,,,,,,,1344,1344,,,,
,,,,,,,,,,,,,
,,,,,,,,,,,,,
,,,,,,,,1300.68,2467.21,2744.51,615.38,2520.1,
,,,,,,,,,,,,2627.39,1858.47
,,,,,,,,,2165.58,534.39,92.68,,
,,,,,,,,541,2585.58,2082.95,718.52,2058.62,2317.05
,,,,,,,,535.7,751,,,,
,,,,,,,,,5336.04,,,,
,,,,,,,,,,844.13,,,
,,,,,,,,,,,,1996.27,272.72
,,,,,,,,,3241.83,1869.3,,,
,,,,,,,,1902.17,468.32,1727.69,1529.84,1728.61,1758.18
,,,,,,,,741.11,,,,,
,,,,,,,,2330.12,,,,,
,,,,,,,,1114.67,784.34,1534.66,754.92,-754.92,
,,,,,,,,200,12992.79,,,,
,,,,,,,,,4588.06,,1321.7,,
,,,,,,,,,,,,,
,,,,,,,,1357,1826.16,,,,
,,,,,,,,,,1440.45,,2656.22,2385.17
,,,,,,,,,,,,,
,,,,,,,,738,1389,1082,462,1307,1907
,,,,,,,,,1397.7,862.62,267.54,287.54,
,,,,,,,,,1665.24,1397.7,,,
,,,,,,,,,2711.84,1832.41,2394.1,2815,
,,,,,,,,,,,,,
,,,,,,,,,4370.51,2215.59,,3004.45,
,,,,,,,,,2428.35,2203.79,599.9,,
,,,,,,,,,5004.67,,,,
,,,,,,,,,2884,3154.22,,3750.77,2981.85
,,,,,,,,,,,,,
,,,,,,,,,2786.41,3332.11,,3452.59,3202.59
,,,,,,,,,,,200,2198.62,2123.62
,,,,,,,,,,,,,
,,,,,,,,,1510.74,631.67,461.35,2362.94,1732.53
,,,,,,,,,2436.45,2030.6,1023.08,1457.74,1256.89
,,,,,,,,1091,1857.44,1692.44,1105.96,1890.52,1473.34
,,,,,,,,,2082.95,,,,
,,,,,,,,,,,,,
,,,,,,,,,1362.32,1112.32,1105.96,781.76,1300.61
,,,,,,,,432,,,,,
,,,,,,,,,,,,,
,,,,,,,,,2744.72,1556.89,1613.96,1908.6,1736.43
,,,,,,,,,,,,,
,,,,,,,,,2711.84,1832.41,2955.79,2253.31,
,,,,,,,,1808,1832.19,,1152.2,2080.99,1815.36
,,,,,,,,,,,,,
,,,,,,,,,1956.86,1717.19,1758.69,,1725.46
,,,,,,,,,1089,195.69,370.74,1198.02,
,,,,,,,,,1727.69,1023.08,,,
,,,,,,,,,1857.44,1445.74,434.07,1717.12,1640.52
,,,,,,,,,,,,,
,,,,,,,,,2082.95,2082.95,592.93,2123.62,2123.62
,,,,,,,,,4228.79,,,,
,,,,,,,,,7284.58,6923.73,,7860.67,6725.37
,,,,,,,,,2529.95,,,,1452.77
,,,,,,,,,2711.84,2383.09,2383.09,2815,
,,,,,,,,,3434.68,2603.54,561.69,3750.77,2835.16
,,,,,,,,,1695.74,1692.44,767.08,1715.54,1805.45
,,,,,,,,,1860.44,1191,1358.92,1115.18,1942.01
,,,,,,,,,3813.2,2933.77,2933.77,,3737.94
,,,,,,,,,,1841.92,1596.77,2689.88,3380.2
,,,,,,,,,,1285.92,,1499.27,
,,,,,,,,,12887.1,,,,
,,,,,,,,,3707.23,3347.23,631.05,3175.33,2420.25
,,,,,,,,,2532.66,2985.65,644.2,2886.8,3278.54
,,,,,,,,,3146.6,1859.2,838.82,3740.28,2100.32
,,,,,,,,,,,,,
,,,,,,,,,1397.06,,,,
,,,,,,,,,2119,3809.4,1965.64,,
,,,,,,,,,1923.2,2321.13,1253.63,1761.89,1058.66
,,,,,,,,,1695.74,,,955.16,
,,,,,,,,,,3104.34,-17.73,,
,,,,,,,,,1865.81,,,,3004.13
,,,,,,,,,,,,,
,,,,,,,,,,1176.52,1267.66,2220.37,1805.45
,,,,,,,,,1718,,,75,
,,,,,,,,,1929.15,,,,
,,,,,,,,,,,,,
,,,,,,580.11,,,,,549.74,,
,,,,,,,,,1587.94,1445.74,993,1185.46,955.16
,,,,,,,,,3575.75,3397.69,3545.17,3731.06,
,,,,,,,,,3842,,,3930,
,,,,,,,,,2119,4009.4,1985.74,,
,,,,,,,,,,,6458.1,,
,,,,,,,,,2019.14,,,,
,,,,,,,,,7400,,,,
,,,,,,5719.31,4267,,-41,,,,
,,,,,,,,,3002.61,2954.13,883.94,3105.65,3061.09
,,,,,,,,,1128.21,2261.06,1262.76,,361.16
,,,,,,,,,,,,,
,,,,,,,,,,,,,
,,,,,,,,,1892.34,1395.9,-8.75,,
,,,,,,,,,2265.84,1445.74,434.07,1890.52,911.81
,,,,,,,,,1809.55,1887.41,,1514.95,1195.84
,,,,,,,,,2576.78,2692.57,1526.84,2338.53,2284.57
,,,,,,,,,3357.97,2082.95,,2398.62,2633.63
,,,,,,,,,369.3,381.68,,,
,,,,,,,,,,,,2398.62,2123.62
,,,,,,,,,2082.95,2582.96,200,1923.62,
,,,,,,,,,,,,2425.77,
,,,,,,,,,782,1177,,,
,,,,,,,,,,,,1692.19,
,,,,,,,,,,,,,
,,,,,,,,,,,,,
,,,,,,,,,2785,1843.75,1741.94,1976.84,1621.08
,,,,,,,,,,,,,
,,,,,,,,,,,,,
,,,,,,,,,,,,,
,,,,,,,,,1900.94,1582.94,,,
,,,,,,,,,1819.88,1819.88,631.05,2025.17,2025.17
,,,,,,,,,1362.32,773.44,767.08,1550.61,
,,,,,,,,,1743.56,536.46,,1359.83,1318.08
,,,,,,,,,3045.27,2205.6,2005.6,3541.04,2607.39
,,,,,,,,,1112.32,1112.32,434.07,,
,,,,,,,,,,,,2627.39,1858.47
,,,,,,,,,3434.04,,,,
,,,,,,,,,1858.27,1655.36,1148.33,1195.84,1843.4
,,,,,,,,,,,,,
,,,,,,,,,3530.74,3562.91,,,
,,,,,,,,,1344,,379,,
,,,,,,,,,2602.03,2703.31,2513.84,,
,,,,,,,,,,,,2832.55,2791.75
,,,,,,,,,1155.65,1744.35,1129.01,1242.02,1218.93
,,,,,,,,,4296.6,4301.98,-763.66,5147,3239.01
,,,,,,,,,,852.92,,,
,,,,,,,,,,,,,
,,,,,,,,,,4544.25,4544.25,2815,
,,,,,,,,,,,,,
,,,,,,,,,996.27,773.44,,955.16,
,,,,,,,,,1322,1360.56,562.55,1649.1,1446.98
,,,,,,,,,1644.82,354.33,,,
,,,,,,,,,813.43,,,,
,,,,,,,,,45.4,1243.41,1234.85,845.58,670.58
,,,,,,,,,2549.78,1131.2,,,
,,,,,,,,,,,,,
,,,,,,,,,,,,,
,,,,,,,,,1592.44,1112.32,767.08,1890.52,
,,,,,,,,,4954.31,,,,
,,,,,,,,,2383.41,1692.67,81.31,,
,,,,,,,,,,3489.25,,,
,,,,,,,,,2157.95,,,,
,,,,,,,,,1409.33,1681.1,,1779.89,1302.71
,,,,,,,,,5564.83,4489.02,1337.64,2128.25,
,,,,,,,,,,,,,
,,,,,,,,,619.44,619.44,,,
,,,,,,4061.21,,,,,,,
,,,,,,,,,1952,1070.25,785.28,,
,,,,,,,,,,17666.4,,,
,,,,,,,,,,,,,
,,,,,,,,,,,,,
,,,,,,,,,1362.32,773.44,767.08,1550.61,538.13
,,,,,,,,,1760.67,-8.75,,,
,,,,,,,,,1648,,,,3555.44
,,,,,,,,,2893.15,37.54,1121.21,1996.27,1748.27
,,,,,,,,,,,,,
,,,,,,,,,,2120.99,979.32,3287.72,1885.4
,,,,,,,,,,,,,
,,,,,,,,,,,,,
,,,,,,,,,13314.26,,,,
,,,,,,,,,1807.74,980.62,403.33,2256.51,1049
,,,,,,,,,1145.62,1717.25,-8.75,,
,,,,,,,,,2465.55,,,,
,,,,,,,,,,,,,2230.18
,,,,,,,,,1718,,,,
,,,,,,,,,,1324.05,,,
,,,,,,,,,2135.24,2182.34,,1268.56,-86.7
,,,,,,,,,,,,,1833.63
,,,,,,,,,9469.17,,,,
,,,,,,,,,,,,,
,,,,,,,,,1473,310,,5546.2,5301.8
,,,,,,,,,,,,,
,,,,,,,,,,,,,
,,,,,,,,,2231.45,2030.6,,1971.58,1770.73
,,,,,,,,,2114,3748.6,,,
,,,,,,,,,773.44,,,,
,,,,,,,,,,2082.95,,,
,,,,,,,,,1223.93,1694.76,1023.08,1457.74,1770.73
,,,,,,,,,2022.78,,,,
,,,,,,,,,5749.62,,,,
,,,,,,,,,1023.08,1727.69,,1043.49,2272.02
,,,,,,,,,1727.69,1493.91,,1557.33,1770.73
,,,,,,,,,2141.06,1341.51,,1449.23,1381.23
,,,,,,,,,1582.94,1582.94,1102.93,1613.62,1613.62
,,,,,,,,,3219.36,2348.67,2302.58,1527.47,1148.36
,,,,,,,,,515,,,,
,,,,,,,,,,,,,
,,,,,,,,,1362.32,773.44,,1550.61,955.16
,,,,,,,,,,,,,
,,,,,,,,,844.41,438.78,,,
,,,,,,,,,,,,,
,,,,,,,,,3655.59,,,,
,,,,,,,,,,2603.54,1397.31,3450.97,1858.47
,,,,,,,,,,5147.16,,,
,,,,,,,,,2962.61,2758.25,2801.65,2459.55,
,,,,,,,,,1427.7,,,,
,,,,,,,,,200,-200,2879.96,,
,,,,,,,,,6573,,,5983,5983
,,,,,,,,,,,,2607.5,
,,,,,,,,,1858.27,1636.04,1129.57,1731.69,1736.43
,,,,,,,,,1582,2164,,2129,2034
,,,,,,,,,,,,,
,,,,,,,,,4905.34,,,,
,,,,,,,,,1362.32,1445.74,1105.96,615.61,615.61
,,,,,,,,,3535.52,3578.87,,,
,,,,,,,,,1718,,5127.69,,
,,,,,,,,,2365.3,3135.05,,2425.77,138.53
,,,,,,,,,,2838.38,2225.05,,
,,,,,,,,,,,,,
,,,,,,,,,,,,,
,,,,,,,,,1809.55,1613.96,,1337.71,1300.61
,,,,,,,,,,,,,
,,,,,,,,,,4165.9,1115.57,2123.62,1103.61
,,,,,,,,,,,,,
,,,,,,,,,,,,,
,,,,,,,,,1032.62,,,,
,,,,,,,,,,1043.3,,,
,,,,,,,,,,,,5705.09,6428.1
,,,,,,,,,,,,4541.44,2356.7
,,,,,,,,,,1829.51,,,
,,,,,,,,,,1769.14,1380.62,1550.61,1465.54
,,,,,,,,,,,,,
,,,,,,,,,,,,,
,,,,,,,,,,,,,
,,,,,,,,,2766.73,2914.13,1742.25,3105.65,2261.89
,,,,,,,,,,,,3999.43,
,,,,,,,,,,1717.25,-712.53,,3543.62
,,,,,,,,,,,622.18,,
,,,,,,,,,,,,,
,,,,,,,,,,,,,
,,,,,,,,,,,,,
,,,,,,,,,2711.84,1832.41,1832.41,2292.74,
,,,,,,,,,1419,434.84,751.3,1475.72,1231.32
,,,,,,,,,,,3401.52,,
,,,,,,,,,,2487.75,,,
,,,,,,,,,,1050.9,,2091.3,1581.3
,,,,,,,,,,2145,1138,1849,1788
,,,,,,,,,,2082.95,,,
,,,,,,,,,,937.37,,,
,,,,,,,,,,,,,
,,,,,,,,,,2719,,,
,,,,,,,,,,2301.07,,4194.79,
,,,,,,,,,,3952.27,-19.94,,
,,,,,,,,,,1225.28,1105.96,,2431.47
,,,,,,,,,,,,,
,,,,,,,,,,,,,
,,,,,,,,,,2202.16,,3483.99,1030.22
,,,,,,,,,,3279.59,1586.37,3185.65,2261.89
,,,,,,,,,,1008,1031,1028,
,,,,,,,,,,2786.92,,3250.58,2765.35
,,,,,,,,,,,,1103.61,1103.61
,,,,,,,,,,1820.42,,986.44,1159.07
,,,,,,,,,,,,,
,,,,,,,,,,2967.89,1500.76,2210.71,
,,,,,,,,,,,629.96,2542.24,2294.24
,,,,,,,,,,773.44,,,
,,,,,,,,,,2283.67,1065.96,3147.47,1085.88
,,,,,,,,,,649.59,599.9,678.67,
,,,,,,,,,,,,,
,,,,,,,,,,,,,
,,,,,,,,,,664.13,,,
,,,,,,,,,,886.4,,,
,,,,,,,,,,998.16,,1563.98,1285.98
,,,,,,,,,,,,,
,,,,,,,,,,1833.66,1957.76,,
,,,,,,,,,,,1321.7,,
,,,,,,,,,,1843.01,1689.29,1405.23,1725.46
,,,,,,,,,,3289.25,,,
,,,,,,,,,,1223.93,,,
,,,,,,,,,,1112.32,,,
,,,,,,,,,,,,,
,,,,,,,,,,1503.08,1493.28,2440.27,1750.47
,,,,,,,,,,678.72,678.72,,
,,,,,,,,,,,,2952.48,3143.64
,,,,,,,,,,1256.28,,,
,,,,,,,,,,,599.9,701.76,23.09
,,,,,,,,,,1515.41,,814.61,845.58
,,,,,,,,,,936.82,468.41,1081.15,769.94
,,,,,,,,,,,928.78,946.69,990.04
,,,,,,,,,,,,,
,,,,,,,,,,,2230.88,,
,,,,,,,,,,2459.29,,,
,,,,,,,,,,1060,,,
,,,1760.49,1655.03,,1850.77,2106.66,562.05,3025.7,2117.84,-11.67,2520.1,1748.27
,,,,,,,,,,,,,
,,,,,,,,,,,,,
,,,,,,,,,,,,,
,,,,,,,,,,,,,
,,,,,,,,,,7917.26,,1908.6,1713.01
,,,,,,,,,,1717.25,-8.75,1996.27,1172.25
,,,,,,,,,,,,,
,,,,,,,,,,2549.78,1131.2,,
,,,,,,,,,,536.46,,,
,,,,,,,,,,,,,
,,,,,,,,,,621.98,599.9,,809.71
,,,,,,,,,,1391.61,,,
,,,,,,,,,,4966,,,
,,,,,,,,,,3534.37,90.19,3555.44,
,,,,,,,,,,1903.75,,,
,,,,,,,,,,1320.79,,1906.85,1662.49
,,,,,,,,,,,,,
,,,,,,,,,,1778.76,,,
,,,,,,,,,,1321.7,,,
,,,,,,,,,,698,414.53,711.5,355.75
,,,,,,,,,,1276.45,,,
,,,,,,,,,,1223.93,1023.08,1935.73,3496.48
,,,,,,,,,,,,2003.64,1426.08
,,,,,,,,,,,,,
,,,,,,,,,,1819.88,927.36,,
,,,,,,,,,,,,955.16,-86.7
,,,,,,,,,,,,,
,,,,,,,,,,,1327.84,761.57,
,,,,,,,,,,976.25,2690,,2690
,,,,,,,,,,,,,
,,,,,,,,,,3537.97,-17.73,,
,,,,,,,,,,,3218.71,,
,,,,,,,,,,,,,
,,,,,,,,,,,,,
,,,,,,,,,,,,,
,,,,,,,,,,,,,
,,,,,,,,,,,,,
,,,,,,,,,,,,,
,,,,,,,,,,,,3143.64,3653.64
,,,,,,,,,,,,2123.62,1953.62
,,,,,,,,,,314.37,,,
,,,,,,,,,,,434.07,1550.61,1120.09
,,,,,,,,,,,,,
,,,,,,,,,,,,,
,,,,,,,,,,,827.13,,
,,,,,,,,,,,1225.84,2300.8,
,,,,,,,,,,,565,,
,,,,,,,,,,,1613.59,3252.02,3296.22
,,,,,,,,,,,,1525.47,1412.6
,,,,,,,,,,,1018.08,1312.79,1487.57
,,,,,,,,,,,,2935.85,
,,,,,,,,,,,,3305.45,3260.89
,,,,,,,,,,,8854.9,,
,,,,,,,,,,,,,
,,,,,,,,,,,5403.86,43.35,
,,,,,,,,,,,4403.85,,
,,,,,,,,,,,1613.86,,
,,,,,,,,,,,6543.64,,
,,,,,,,,,,,,243.85,
,,,,,,,,,,,10600.2,5546.2,5301.8
,,,,,,,,,,,,,
,,,,,,,,,,,,,
,,,,,,,,,,,4118.38,,12586
,,,,,,,,,,,,,
,,,,,,,,,,,1237.53,,
,,,,,,,,,,,,,738.61
,,,,,,,,,,,648.39,4574.35,
,,,,,,,,,,,,,
,,,,,,,,,,,,2977.79,3210.41
,,,,,,,,,,,,,
,,,,,,,,,,,,5281.37,
,,,,,,,,,,,,,
,,,,,,,,,,,,,
,,,,,,,,,,,,3189.08,
,,,,,,,,,,,1113,4391,-1254
,,,,,,,,,,,,1849,1612
,,,,,,,,,,,,,
,,,,,,,,,,,1683.47,2568.64,2763.06
,,,,,,,,,,,8854.9,4461.58,
,,,,,,,,,,,,,
,,,,,,,,,,,,2484.2,
,,,,,,,,,,,767.08,,
,,,,,,,,,,,42.55,,
,,,,,,,,,,,,2418.36,2164.53
,,,,,,,,,,,,,
,,,,,,,,,,,6498.22,631.85,
,,,,,,,,,,,,767.14,
,,,,,,,,,,,309,,
,,,,,,,,,,,1752.18,,
,,,,,,,,,,,,,
,,,,,,,,,,,,,5273.44
,,,,,,,,,,,75,3100.35,2990.58
,,,,,,,,,,,,,
,,,,,,,,,,,,2917.25,2316.22
,,,,,,,,,,,,,
,,,,,,,,,,,2325,543.82,285.28
,,,,,,,,,,,,,
,,,,,,,,,,,3604.56,2398.16,2770.44
,,,,,,,,,,,,,
,,,,,,,,,,,,922.48,980.14
,,,,,,,,,,,,,
,,,,,,,,,,,,,
,,,,,,,,,,,,,
,,,,,,,,,,,,1959.28,678.67
,,,,,,,,,,,,2952.1,2662.1
,,,,,,,,,,,1331.58,2302.83,1580.69
,,,,,,,,,,,250,,
,,,,,,,,,,,1526.84,,
,,,,,,,,,,,,1890.52,1640.52
,,,,,,,,,,,4924.54,,
,,,,,,,,,,,,,
,,,,,,,,,,,1234,,
,,,,,,,,,,,,1636.25,1391.85
,,,,,,,,,,,,2285,
,,,,,,,,,,,,1958.29,1713.01
,,,,,,,,,,,592.56,,
,,,,,,,,,,,,2284.88,1886.28
,,,,,,,,,,,,,
,,,,,,,,,,,,2804.33,2444.33
,,,,,,,,,,,,2133.92,1843.52
,,,,,,,,,,,,2250.71,-356.97
,,,,,,,,,,,648.39,2578.66,2420.16
,,,,,,,,,,,1297.35,1541.8,1314.4
,,,,,,,,,,,,1550.61,1300.61
,,,,,,,,,,,,2396.4,2079.26
,,,,,,,,,,,,,
,,,,,,,,,,,,1958.29,2770.44
,,,,,,,,,,,,1300.61,
,,,,,,,,,,,648.39,2627.39,
,,,,,,,,,,,,2627.39,1858.47
,,,,,,,,,,,,2596.36,1707.33
,,,,,,,,,,,,2795.03,735.45
,,,,,,,,,,,,,
,,,,,,,,,,,,2977.79,2025.17
,,,,,,,,,,,,,
,,,,,,,,,,,,,
,,,,,,,,,,,,1901.68,1748.27
,,,,,,,,,,,,,1231.32
,,,,,,,,,,,,,
,,,,,,,,,,,,2942.94,1759.49
,,,,,,,,,,,,,7669.6
,,,,,,,,,,,,2769.05,2045.7
,,,,,,,,,,,,2005.74,
,,,,,,,,,,,,868.46,
,,,,,,,,,,,,,
,,,,,,,,,,,,2583.04,
,,,,,,,,,,,,3011.96,1460.7
,,,,,,,,,,,,7333,7333
,,,,,,,,,,,,,
,,,,,,,,,,,,1515,1028.4
,,,,,,,,,,,,,
,,,,,,,,,,,,1003.52,
,,,,,,,,,,,,1659.31,
,,,,,,,,,,,2132.13,1770.73,1971.58
,,,,,,,,,,,,,
,,,,,,,,,,,,,
,,,,,,,,,,,,100,
,,,,,,,,,,,,1194.39,
,,,,,,,,,,,,3224.08,86.7
,,,,,,,,,,,,1758.18,1906.14
,,,,,,,,,,,,,
,,,,,,,,,,,,1610.53,
,,,,,,,,,,,,3442,299.7
,,,,,,,,,,,,2999.82,3316.26
,,,,,,,,,,,,,
,,,,,,,,,,,,221.65,
,,,,,,,,,,,,1550.61,
,,,,,,,,,,,,3039.62,2123.62
,,,,,,,,,,,,,
,,,,,,,,,,,,3059.78,
,,,,,,,,,,,,565.8,
,,,,,,,,,,,,3520.25,2761.39
,,,,,,,,,,,,1752.18,
,,,,,,,,,,,,,
,,,,,,,,,,,,1653.01,1528.19
,,,,,,,,,,,,9304.88,
,,,,,,,,,,,,,
,,,,,,,,,,,,200,
,,,,,,,,,,,,,
,,,,,,,,,,,,,
,,,,,,,,,,,,955.16,1640.52
,,,,,,,,,,,,,
,,,,,,,,,,,,2773.888,
,,,,,,,,,,,,810,881
,,,,,,,,,,,,,
,,,,,,,,,,,,,
,,,,,,,,,,,,,
,,,,,,,,,,,,1459.15,1057.92
,,,,,,,,,,,,1412.65,84.13
,,,,,,,,,,,,,
,,,,,,,,,,,,3366.81,1858.47
,,,,,,,,,,,,1281.52,46.18
,,,,,,,,,,,,2228.62,2009.38
,,,,,,,,,,,,6229.75,
,,,,,,,,,,,,1568.82,896.28
,,,,,,,,,,,,1826.06,1582.01
,,,,,,,,,,,,1637.36,
,,,,,,,,,,,,1244.34,529.65
,,,,,,,,,,,,2908.63,2123.62
,,,,,,,,,,,,,
,,,,,,,,,,,,585.76,
,,,,,,,,,,,,13571.4,
,,,,,,,,,,,,1564.4,447.68
,,,,,,,,,,,,4716.5,
,,,,,,,,,,,,,
,,,,,,,,,,,,,195.59
,,,,,,,,,,,,1823.16,1243.72
,,,,,,,,,,,,5421.11,
,,,,,,,,,,,,459.83,826.04
,,,,,,,,,,,,1549.28,1249.23
,,,,,,,,,,,,3105.65,2261.89
,,,,,,,,,,,,1805.78,1390.15
,,,,,,,,,,,,3059.78,
,,,,,,,,,,,,200,7469.6
,,,,,,,,,,,,1890.52,1300.61
,,,,,,,,,,,,447.68,447.68
,,,,,,,,,,,,2486.49,2380.67
,,,,,,,,,,,,,1894.08
,,,,,,,,,,,,2207.1,1690.5
,,,,,,,,,,,,1702.77,
,,,,,,,,,,,,1717.12,
,,,,,,,,,,,,,
,,,,,,,,,,,,1475.72,1231.32
,,,,,,,,,,,,1103.61,1931.17
,,,,,,,,,,,,,
,,,,,,,,,,,,,640.56
,,,,,,,,,,,,,
,,,,,,,,,,,,1763.48,2111.21
,,,,,,,,,,,,6583,3212.81
,,,,,,,,,,,,5633.86,
,,,,,,,,,,,,,
,,,,,,,,,,,,2018.41,2442.09
,,,,,,,,,,,,,
,,,,,,,,,,,,666.03,781.68
,,,,,,,,,,,,277.7,
,,,,,,,,,,,,805.64,
,,,,,,,,,,,,,
,,,,,,,,,,,,,
,,,,,,,,,,,,,
,,,,,,,,,,,,6583,3212.81
,,,,,,,,,,,,,
,,,,,,,,,,,,955.16,615.61
,,,,,,,,,,,,1708,2181.58
,,,,,,,,,,,,1613.62,1613.62
,,,,,,,,,,,,,
,,,,,,,,,,,,1807.04,1830.46
,,,,,,,,,,,,,
,,,,,,,,,,,,2329.26,1291.8
,,,,,,,,,,,,1996.53,1661.96
,,,,,,,,,,,,901.78,914.33
,,,,,,,,,,,,,484.1
,,,,,,,,,,,,4760.63,
,,,,,,,,,,,,1499.27,1698.66
,,,,,,,,,,,,,
,,,,,,,,,,,,1890.52,1640.52
,,,,,,,,,,,,3570.41,2617.79
,,,,,,,,,,,,7600.68,
,,,,,,,,,,,,,2019.81
,,,,,,,,,,,,,7469.6
,,,,,,,,,,,,200,3357.57
,,,,,,,,,,,,3609.94,3609.94
,,,,,,,,,,,,4207.53,
,,,,,,,,,,,,,
,,,,,,,,,,,,4589.22,
,,,,,,,,,,,,955.16,955.16
,,,,,,,,,,,,1238.48,1381.23
,,,,,,,,,,,,,
,,,,,,,,,,,,1107.71,1224.44
,,,,,,,,,,,,,598.61
,,,,,,,,,,,,823.43,
,,,,,,,,,,,,1582.14,
,,,,,,,,,,,,2574.96,2402.57
,,,,,,,,,,,,4405.9,
,,,,,,,,,,,,,
,,,,,,,,,,,,,
,,,,,,,,,,,,50.68,
,,,,,,,,,,,,,
,,,,,,,,,,,,,
,,,,,,,,,,,,,
,,,,,,,,,,,,,
,,,,,,,,,,,,,
,,,,,,,,,,,,1371.23,
,,,,,,,,,,,,,
,,,,,,,,,,,,,
,,,,,,,,,,,,,
,,,,,,,,,,,,1255.54,847.01
,,,,,,,,,,,,1758.18,1557.33
,,,,,,,,,,,,2720.85,2470.85
,,,,,,,,,,,,,1288.46
,,,,,,,,,,,,966.18,
,,,,,,,,,,,,,
,,,,,,,,,,,,,1067.25
,,,,,,,,,,,,542.85,
,,,,,,,,,,,,1958.29,2448.75
,,,,,,,,,,,,,
,,,,,,,,,,,,605.91,
,,,,,,,,,,,,,
,,,,,,,,,,,,,
,,,,,,,,,,,,3484.13,2509.09
,,,,,,,,,,,,,
,,,,,,,,,,,,,
,,,,,,,,,,,,,
,,,,,,,,,,,,,
,,,,,,,,,,,,576,429.09
,,,,,,,,,,,,,
,,,,,,,,,,,,,1950.83
,,,,,,,,,,,,,3576.12
,,,,,,,,,,,,,615.61
,,,,,,,,,,,,,1081.15
,,,,,,,,,,,,,
,,,,,,,,,,,,,3195.6
,,,,,,,,,,,,,
,,,,,,,,,,,,5983,5983
,,,,,,,,,,,,,3975.01
,,,,,,,,,,,,1362.33,278
,,,,,,,,,,,,,
,,,,,,,,,,,,,
,,,,,,,,,,,,,4378.92
,,,,,,,,,,,,,
,,,,,,,,,,,,,
,,,,,,,,,,,,,
,,,,,,,,,,,,,
,,,,,,,,,,,,,
,,,,,,,,,,,,,13800.18
,,,,,,,,,,,,,780.54
,,,,,,,,,,,,,1864.16
,,,,,,,,,,,,,2862.04
,,,,,,,,,,,,,
,,,,,,,,,,,,,
,,,,,,,,,,,,,
,,,,,,,,,,,,,2230.18
,,,,,,,,,,,,,5468.77
,,,,,,,,,,,,,1305.65
,,,,,,,,,,,,,
,,,,,,,,,,,,,2495.86
,,,,,,,,,,,,,320.64
,,,,,,,,,,,,,
,,,,,,,,,,,,,175
,,,,,,,,,,,,,880
,,,,,,,,,,,,,
,,,,,,,,,,,,,13522.21
,,,,,,,,,,,,,1030.7
,,,,,,,,,,,,,
,,,,,,,,,,,,,3177.75
,,,,,,,,,,,,,1231.46
,,,,,,,,,,,,,2339.11
,,,825,,,,,,,,,,
,,,,,,,,,,,,,2119.21
,,,,,,,,,,,,,855.89
,,,,,,,,,,,,,1410.56
,,,,,,,,,,,,,
,,,,,,,,,,,,,
,,,,,,,,,,,,,
,,,,,,,,,,,,,
,,,,,,,,,,,,,
,,,,,,,,,,,,,
,,,,,,,,,,,,,3785.61
,,,,,,,,,,,,,1415.76
,,,,,,,,,,,,,5802.5
,,,,,,,,,,,,,4528.32
,,,,,,,,,,,,,943.9
,,,,,,,,,,,,,1690.52
,,,,,,,,,,,,,1300.61
,,,,,,,,,,,,,
,,,,,,,,,,,,,2611.43
,,,,,,,,,,,,,2727.54
,,,,,,,,,,,,,1071.29
,,,,,,,,,,,,,1231.32
,,,,,,,,,,,,,1300.61
,,,,,,,,,,,,,
,,,,,,,,,,,,,5305.49
,,,,,,,,,,,,,
,,,,,,,,,,,,,1448.13
,,,,,,,,,,,,,1300.61
,,,1118.64,,,,,,1160.16,1160.16,862.62,,
,,,,,,,,,,,,,
,,,,,,,,,,,,,545.43
,,,,,,,,,,,,,
,,,,,,,,,,,,,
,,,,,,,,,,,,,
,,,,,,,,,,,,,
,,,,,,,,,,,,,
,,,,,,,,,,,,,
,1243,,,,,,,,,,,,
,,,,,,,,,,,,,
,,,,,,,,,,,,,
,,,,,,,,,,,,,
,,,,,,,,,,,,,
,,,,,,,,,,,,,
,,,,,,,,,,,,,
,,,,,,,,,,,,,
,,,,,,,,,,,,,
,,,,,,,,,,,,,
,,,,,,,,,,,,,
,,,,,,,,,,,,,
,,,,,,,,,,,,,
,,,,,,,,,,,,,
,,,,,,,,,,,,,
,,,,,,,,,,,,,
,,,,,,,,,,,,,
,,,,,,,,,,,,,
,,,,,,,,,,,,,
,,,,,,,,,,,,,
,,,,,,,,,,,,,
,1232,,,,,,,,,,,,
,,,,,,,,,,,,,
,,,,,,,,,,,,,
,,,,,,,,,,,,,
,,,,,,,,,,,,,
,,,,,,,,,,,,,
,,,,,,,,,,,,,
,,,,,,,,,,,,,
,,,,,,,,,,,,,
,,,,,,,,,,,,,
,1230,,,,,,,,,,,,
,1229,,,,,,,,,,,,1703.54
,,,,,,,,,,,,,
,,,,,,,,,,,,,
,,,,,,,,,,,,,
,,,,,,,,,,,,,
,,,,,,,,,,,,,
,,,,,,,,,,,,,
,,,,,,,,,,,,,
,,,,,,,,,,,,,
,,,,,,,,,,,,,
,1212,,,,,,,,,,,,
,1236,,,,,,,,,,,,
,1238,,,,,,,,,,,,
,,,,,,,,,,,,,
,,,,,,,,,,,,,
,1237,,,,,,,,,,,,
,1235,,,,,,,,,,,,
,,,,,,,,,,,,,
,,,,,,,,,,,,,
,,,,,,,,,,,,,
,,,,,,,,,,,,,
,,,,,,,,,,,,,
,,,,,,,,,,,,,
,,,,,,,,,,,,,
,,,,,,,,,,,,,
,,,,,,,,,,,,,
,1239,,,,,,,,,,,,
,1241,,,,,,,,,,,,1235.02
,,,,,,,,,,,,,
,,,,,,,,,,,,,
,,,,,,,,,,,,,
,,,,,,,,,,,,,
,,,,,,,,,,,,,
,,,,,,,,,,,,,
,,,,,,,,,,,,,
,,,,,,,,,,,,,
,,,,,,,,,,,,,1159.78
,1214,,,,,,,,,,,,1784.63
,,,,,,,,,,,,,
,,,,,,,,,,,,,
,,,,,,,,,,,,,
,,,,,,,,,,,,,
,,,,,,,,,,,,,
,,,,,,,,,,,,,
,,,,,,,,,,,,,
,,,,,,,,,,,,,
,,,,,,,,,,,,,
,,,,,,,,,,,,,
,,,,,,,,,,,,,
,,,,,,,,,,,,,
,1216,,,,,,,,,,,,
,1221,,,,,,,,,,,,
,,,,,,,,,,,,,
,,,,,,,,,,,,,
,1222,,,,,,,,,,,,
,1219,,,,,,,,,,,,
,,,,,,,,,,,,,
,,,,,,,,,,,,,
,,,,,,,,,,,,,
,1217,,,,,,,,,,,,
,1220,,,,,,,,,,,,
,1223,,,,,,,,,,,,
,1218,,,,,,,,,,,,
,1225,,,,,,,,,,,,
,,,,,,,,,,,,,
,,,,,,,,,,,,,
,,,,,,,,,,,,,
,,,,,,,,,,,,,
,,,,,,,,,,,,,
,,,,,,,,,,,,,
,,,,,,,,,,,,,
,,,,,,,,,,,,,
,,,,,,,,,,,,,
,,,,,,,,,,,,,
,,,,,,,,,,,,,1752.18
,,,,,,,,,,,,,
,,,,,,,,,,,,,
,,,,,,,,,,,,,
,1224,,,,,,,,,,,,
,,,,,,,,,,,,,
,,,,,,,,,,,,,
,,,,,,,,,,,,,
,,,,,,,,,,,,,
,,,,,,,,,,,,,
,,,,,,,,,,,,,
,,,,,,,,,,,,,
,,,,,,,,,,,,,
,,,,,,,,,,,,,
,,,,,,,,,,,,,
,,,,,,,,,,,,,
,1226,,,,,,,,,,,,
,,,,,,,,,,,,,
,,,,,,,,,,,,,
,,,,,,,,,,,,,
,,,,,,,,,,,,,
,,,,,,,,,,,,,
,,,,,,,,,,,,,
,,,,,,,,,,,,,
,,,,,,,,,,,,,
,,,,,,,,,,,,,
,,,,,,,,,,,,,
,,,,,,,,,,,,,
,,,,,,,,,,,,,
,,,,,,,,,,,,,
,,,,,,,,,,,,,
,,,,,,,,,,,,,
,,,,,,,,,,,,,
,,,,,,,,,,,,,
,,,,,,,,,,,,,
,,,,,,,,,,,,,
,,,,,,,,,,,,,
,1227,,,,,,,,,,,,
,,,,,,,,,,,,,
,1228,,,,,,,,,,,,
,,,,,,,,,,,,,
,,,,,,,,,,,,,
,,,,,,,,,,,,,
,,,,,,,,,,,,,
,,,7235.34,,,4515.44,,,,,,,
,,,18609.98,18609.98,1060.98,18446.39,15359.24,3932,,,,,
,,,2226,3454,,,,,,,,,
,,,17909.64,,41,,,,,,,,
1151,1670.35,,1878.03,904.21,,89.48,1013.87,,1612,1331.27,,,
,,,,,,,,,,,,,
,,,5098.99,,,693.2,204,,,,,,
,,,2037.88,,,,,,,,,,
,,,1019.8,2761.75,,2747.95,2600,,,,,,
,,,1486.56,1344.88,,,,,,,,,
,,,2109.7,2308.15,,2145.74,1785.74,2621.9,1560.45,,,,
,,,4408,,,,,,,,,,
,,,1923.91,,,,,,,,,,
,,,,,,,1951.62,,,,,,
,,,1488.06,587.51,350,1481.67,1951.62,,1695.74,1445.74,,,1281.22
,,,,,,,,,,,,1752.18,
,,,,,,,854,,,,,,
3594,,,,,,,,,,,,,
,,,794.18,,,,,,,,,,
,,,,,,,,,,,,,
,,,,,,,,,,,,,
,,,2880.26,2675.92,2675.92,2586.44,2522.18,,2547.4,2374.31,,2614.75,2363.32
,,,1488.06,1233.49,1233.49,1504.73,1254.73,1050,1362.32,,1279.36,,615.61
,2083.3,,,,,,,,,,,,
,,,2534.29,2237.41,,2551.99,,,,,,,
,,,2488,2463,3573.14,,,,,,,,
,,,,,,,,,440.43,,,,
,,,,,,,,,,,,,
,,,,6417.92,,,,,,,,,
,,,368.63,941.77,1047,142,1795,376,,,,,
,,,,,,1504.73,1254.73,,1362.32,773.44,,,
,,,,,,,,,,,,,
,,,2375.9,100,100,,,,1742,3057.58,-1730.68,,2524.85
,,,3918.94,3989.02,,,,,,,,,
,,,,,,,,,,,,,
,,,175,,,,,,,,,,
,,,,,,,,,,,,,
,,,5146,3565,,,,,,,,,
,,,1527,1429.29,,,,,,,,,
,,,1525.03,328.87,77.52,,982.24,,,,,,
,,,1409,1033.6,,1337.39,,175,,,,,
,,,,,,,,,,,,,
,,1625.12,1821.49,2068.11,,2988.9,2078.66,1073.46,2467.21,1717.25,11.25,252.1,1748.27
7949.89,1775,3046,,,,,,,,,,,
,1983.28,,,,,,943.56,,,,,,
,,,,,,,,,,,,,
,,,,,,,2145,,,,,,
,1545.2,466.51,2042.56,1109.2,,,,,,,,,
,,,,,,,,,,,,,
,,,2472.01,2472.01,2472.01,2522.09,2522.18,,2451.26,2357.08,,2009.38,2578.9
,,,,,,,,,,,,,
,,,6711.7,6857.26,610.03,8379.98,8136.73,,-41,,,,
,,,,,,,,,,,,,
,,,417.72,,,,,,,,,,
,,572.52,751,468,507.25,837.76,1500,840,1604.31,1125.06,,,
,,,,,,,,,,,,,
,,,,,,,,,,,,2977.79,2025.17
,1866.67,,1651.5,1742.92,,2501.47,2653.74,,,,,,
,,,2367.68,,,,,,,,,,
,,2120,,,,,,,,,,,
,,,,,,,,,,,,,
,1666.08,1480.11,2480.35,2705.27,,3466.05,2714.44,,,,,,
,3462.81,2508.14,,,,1955.22,1707.22,,,,,,
,2082.75,1665.07,1109.2,1655.03,,1685.93,,,,,,,
,,,,,,,,,,,,,
2012.51,674.4,182.55,1903.03,1109.2,,,,,,,,,
2539.27,3400.59,,2067.63,1819.63,,,,,,,,,
,,,,,,,,,,,,,
,,,3394.74,2476.29,,4024.5,2810.05,,2760.89,1819.88,,2681.48,3210.41
,,,,,,,,,,,,,
,,,2598.72,317.16,,,,,,,,,
,,1277.8,2277.84,1917.84,,,,,,,,,
,,,,,,,,,,,,,
,,,5700,,,,,,,,,,
,,,,,,,,,1746.71,968.46,965.73,1385.03,1388.73
,674.4,1088.94,1944.79,1675.91,,1955.22,1151.5,,2384.26,2317.55,-11.67,2542.24,2294.24
,,,2650.14,,,2315.62,2240.43,,,1819.88,927.36,,
,,,1990.32,1960.32,,2122.89,2061.96,,2290.56,2162.61,,2328.09,2078.09
,1633,,,,,,,,,,,,
,,413.89,811.48,811.48,421.63,,827.95,430.24,-430.24,,,,
,1319.32,,1301.08,,,,,,,,,,
,,,2277.84,2476.29,,2885.25,2525.25,,3051.4,3272.41,784.49,3274.1,3210.41
,,,,,1260.65,2091.09,,,,,,,
,,,,,,,,,,,,,
,1381.36,,,,,,,,,,,,
,,,,2547.23,2547.23,2547.23,,,,,,,
,,,,,,195.59,1648,,2357.98,2183.3,,2425.77,2330.18
,1443.4,391.76,2572.04,2963.18,304.74,1303.03,2294.35,,2415.04,943.8,,,
,,,7323,,,,,,,,,,
,466.51,,,,,,,,,,,,
,,,,,,,,,,,,,
,,,,,,,,,,,,,
,,,,,,,,,,,,,
,1416.84,,,,,,,,,,,,
,,,,,,,,,,,,,
,,,,,,,,,,,,,
,1366.83,,,,,,,,,,,,
,,,2261.31,,1389.76,,,,,,,,
,,,,,,,,,,,,,
,,,3814.84,,,,,,,,,,
,,,,,,,,,,,,,
,,,,,,,,,,,,,
,,,1556.49,1679.04,,,,,,,,,
,,,1832.75,1660.67,,1887.63,1670,,,,,,
,,,,,,,,,,,,,
,,,,,,3160,,,,,,,
,,,,,,,,,,,,,
,,,,,,,,,,,,,
,,,,1879.89,,,,,,,,,
,,,1655.15,,,,,,,,,1729.65,1396.34
,,,1903.03,2142.53,,1933.93,1685.93,,2467.21,1717.25,-8.75,2542.24,2272.1
,3537.53,,3402.24,3600.69,,3462.38,1963.11,,,,,,
,,,,4594.76,,2297,,,,,1259.49,2393.01,
,,,,,,,8447,,,,,,
,1342.92,,2260.18,1342.23,1197.06,1773.32,1336.92,1670.87,1457.43,1495.69,438.78,,
,,,,,,,,,,,,,
,,,1704.99,1450.39,907.69,,1254.73,,485.1,,928.78,,
,1213,,,,,,,,,,,,
,,,851.06,,,,1185.74,,1284,381.75,,,
,,,1995.19,2348.08,,1902.43,,,1148.33,1148.33,1148.33,1908.6,
,1625.12,,,,,,,,,,,,
,,5031.35,,,,,,,,,,,
2841.59,2159.39,,2346.83,1655.03,,1602.69,,,,,,,
,2109.39,,1903.03,,1600,2437.54,2217.54,562.05,2978.62,2230.88,-11.67,,
,,,,,,,,,,,,,
,2982.53,,2109.7,1917.84,,,,,,,,,
,,,5761.84,4710.84,,5410.9,5502.86,,5426.97,5219.61,,5385.58,5362.8
2007.1,2268.6,2308.15,2109.7,1749.7,,,,,,,,,
,,,1412.59,1316.5,,1430.14,1185.74,,,,,,
,1675.5,,468,,,,,,,,,,
,,932.78,,,,,,,,,,,
,,,8831.35,,,,,,,,,,
,,,1475,1737,,1619.11,1316,1191,2299.11,536.46,,1821.68,1445.88
,,2170.83,1717.67,1159.84,412,2253.41,1685.93,,3086.48,1982.88,1876.79,2294.24,
3328.14,1489.97,,2558.45,1975.64,,,,,,,,,
,1231,,,,,,,,,,,,
,,,2488,1552,3117.74,1727.16,1408,,,,,,
,,,,,,,,,,,,,
,1234,,,,,,,,,,,,
,,,6173,,,,,,,,,,
,,,,,,,,,,,,,
,,,,,,2528.01,,,,,,,
,,,,,,,,,,,,,
,,,,1806.64,,,,,,,,,
,1240,,,,,,,,,,,,
,,,607.64,607.66,,,,,,,,,
,1242,,,,,,,,,,,,
,,,4500,,,,,,,,,,995
,,,,,,,,,,,,,
,,,,,,,,649,,,,,
,,,,,,,,,,,,,
,,,,,,,,,,,,,
,,,,,,,,,,,,,
,,,,,,,,,,,,,
,,,,,,,,,,,,,
,,,,,,,,,,,,,
,,,,,,,,,,,,,
,1716.46,391.76,1815.15,1361.58,798.04,1782.18,1772.18,834.9,,,,,
,,,,,,,,,1857.94,2082.95,,551.47,
,,,,1233.49,,1831.67,1740.22,,1695.74,1692.44,,2152.12,1496.81
,,,1007.76,380.32,380.32,342.4,,,,,,,
,,,,,,,,,,,,,
,,,,,,,,,,,,,
,883.02,,,,,,,,,,,,
,,,5288.17,,,,,,,,,,
,,,,,,,,,,,,,
,,,1903.03,,3473,1739.94,1685.93,2132.79,1956.5,2230.88,2219.21,1996.27,2272.1
,,,2179.07,1714.32,,1431.45,1366.92,,1778.76,2230.75,,2070.78,1834.89
1422.43,1022.41,,,,,,,,,,,,
,,,1429,1656,864.85,602.21,1099,,4128.86,3289.11,3513.81,3458.03,2906.28
,2678.34,,2187,1752,,,,,,,,,
,,,851.06,880.3,539.78,,,1055,,,,,
,,,1852.27,1472.27,1472.27,1472.27,,,,,,,
,,,,,,,,,,,,,
,,,,,,,,,,,,,
2170.83,1827.55,597.09,2459.47,1130.08,,,,,,,,,
,,,2836.29,1917.84,1785.74,3454.88,2525.25,2401,1598.87,,,,
,,,3034.33,3103.16,3103.16,3103.16,3659.7,3659.7,,,,,
,,,,,,,,,,,,,
,,,,,,,,,,,,,
,,,,,,,,,,,,,
,,,2320.07,65.27,,,,,,,,,
,,,,,,,,,,,,,
,,,,,,,,,,,,,
,,,,,,,,,,,,,
,,,,,,,,,,,,,
,,,,,,,,,,,,,
,,,,,,1933.93,1602.77,,1871.72,2146.1,-11.67,1960.75,1770.41
,,2767.04,-53.4,,1122.2,,,,,,,,
,,,,,,,,,,,,,
,,,,,1834,,-458.59,,,,,,
,,,,,,,,,,,,,
,,,,2066.44,,,,,,,,,
,,,,,,,,,,,,,
,,,,,,,,,,,,200,
,,,3124.38,2405.34,2405.34,,1150.77,,,,,,
,,,4027.26,1944.12,,,,,,,,,
,,,,,,,,,,,,,
,,,,,,,,,,,,,
,1215,,,,,,,,,,,,
,1233,,,,,,,,,,,,
,,,,,,,,,2123.59,1857.94,1571.48,3185.1,1888.62
,,,,,,,,,,,,,
,,,2488,856,,,,,,,,,
,,,,,,,416.02,416.02,,378.75,781.78,,
2721.03,2435.03,2308.15,2668.15,2308.15,,,,,,,,,
,,,,,,,,,,,,,
,,,,,,,,,,,,,
,,1211.85,1488.06,1233.49,1233.49,2148.77,1740.22,,1362.32,1769.14,498.27,2416.57,
,,,,,,,,,,,,,
,,,,,,,,,,,,,
,,,1854.51,2034.6,1292.28,2330.57,1648,1272,,2123.77,1782.97,2080.99,897.24
,1232,,,,,,,,,,,,
,3464.89,,3464.89,5483.29,5483.29,5483.29,,,,,,,
,,,3261.06,,,,,,,,,,
,,,,,,,,,,,,,
,,,1558.61,1544.44,,,,,,,,,
,,,2504.27,,,,,,,,,,
,,,,,,,,,,,,,
,,,1560.9,1070.49,,,,,,,,,
15.1,,21.49,,,,,,,,,351.62,,
2377.87,2129.87,,2396.83,2148.83,,2437.54,2189.54,1073.46,2977.93,1717.25,-8.75,,
,,,2484.8,2083.32,,,,,,,,,
,,,,,,,,,,,,,
,,,2148.83,1675.91,,2437.54,1941.54,,1956.5,2589.6,1926.24,2272.1,2795.93
,,,5100,918,,1504.73,,,,,,,
,,,,,,,,,,,,,
402,422.46,,1398.96,1675.91,,3882.94,,,,,,,
1625.12,597.09,1028.03,546.66,,,,,,,,,,
,,15.1,,,,,,3323.95,,,,,
,,,,,,,,,,,,,
,,,,,,1150.59,,,,,,,
,,,,2040.59,,1969,2130,,,,,,
,,,,,,,,,,,,,
,,,,,,,,,,,,,
,,,1212.69,1306.43,,,,404.85,,,,,
,,,1216.56,,,1844.73,,,,,,,
,,,2154,1731,1262.55,,,,,,,,
,,,,1107,,881.56,1129,,1355.97,1688.36,,,268.2
,,,,,,,,,,,,,
,,,,,,,,,,,,,
,,,4377.64,,,,,,,-22,,,
,,,1925.23,1925.23,1925.23,1964.06,,,1977.53,1977.62,,2007.28,2007.28
,,,,,,,,,,,,,
,,,,,,,,,,,,,
,,,1435.5,1405.5,,1777.33,2189.62,,986.41,994.46,,2137.92,1493.22
,,332.98,,,,,,,,,,,
,,,2328.86,1655.03,,,,,,,1717.25,2795.93,3540.87
,,,2396.83,2148.83,1655,2189.54,2693.15,,2977.93,2496.51,-14.58,2272.1,1748.27
,,,,,1152,1377.8,1634.15,,,,,,
2295.06,,1571.37,,,1603,2052.99,,,,,,,
,,,,,,,,,,,,,
,,1349.53,,1375.9,,,,,,,,,
,,,,,,,,,,,,,
,,,,,,,,,,,,,
,,,,,,,,,,,,,
,,,931,,,,,,,,,,
,,,10437.6,,3050,,,,,,,,
,,,,,1945,,,,,,,,
,,,,,,3454.88,2525.25,,4542.35,2981.9,3804.23,2385.17,3210.41
,,,636.58,279.71,485,597.13,593,,591.2,303.51,299.62,315.3,630.64
,,,3318.96,,,,,,,,,,
,,,,,,9262.44,,,9496.32,165,,,
,,,,,,,1197.74,,711,1039.65,387.84,,
2433.03,1887.53,,,,,,,,,,,,
,,,,,,,,,,,,,
,,,,,,,,,,,,,
2326.89,,,2162.58,1961.73,0,2396,1701.32,130.16,1809.44,1155.83,132.75,,1001.31
,,,1519,1177,,,,,,,,,
,,,,587.51,,,,,,,,,
,796,,1342.23,811.48,,827.95,827.95,877.33,844.41,913.62,,932.42,869.32
,,,3673.97,3313.97,,3170.07,2810.07,,2470.39,2110.39,,,
,,,5026.04,,,866.8,1861.28,,,,,,1752.18
,,,2836.29,3034.74,755.51,3515.55,755.51,2227,1710.86,3562.91,3039.95,1142.99,